Time,NGDPSAXDCUSQ,GDPNOW,PCECC96,PRS85006092
1947-01-01,,,1351.397,
1947-04-01,,,1373.88,9.4
1947-07-01,,,1378.358,-11.7
1947-10-01,,,1378.796,17.9
1948-01-01,,,1385.667,1.8
1948-04-01,,,1401.789,-1.1
1948-07-01,,,1403.859,0.4
1948-10-01,,,1415.063,1.8
1949-01-01,,,1417.353,4.1
1949-04-01,,,1439.077,4.2
1949-07-01,,,1442.341,9.9
1949-10-01,,,1463.488,-2.1
1950-01-01,70207.0,,1487.854,14.4
1950-04-01,72595.8,,1512.357,5.0
1950-07-01,77038.3,,1590.019,9.0
1950-10-01,79986.3,,1542.087,0.7
1951-01-01,84000.0,,1579.375,0.4
1951-04-01,86022.5,,1534.744,-1.2
1951-07-01,87846.3,,1552.624,9.2
1951-10-01,89044.5,,1561.67,1.2
1952-01-01,89955.0,,1565.288,2.1
1952-04-01,90257.5,,1595.941,-0.8
1952-07-01,91925.3,,1603.596,-1.9
1952-10-01,95203.0,,1660.168,8.7
1953-01-01,96995.0,,1679.665,3.5
1953-04-01,97937.3,,1689.777,0.9
1953-07-01,97792.8,,1685.752,1.7
1953-10-01,96492.5,,1674.449,-1.4
1954-01-01,96336.3,,1680.625,0.8
1954-04-01,96530.3,,1702.449,2.8
1954-07-01,97749.0,,1725.489,7.4
1954-10-01,99933.5,,1761.703,4.6
1955-01-01,103268.3,,1801.231,8.1
1955-04-01,105383.0,,1835.737,1.4
1955-07-01,107555.3,,1858.411,1.5
1955-10-01,109273.0,,1881.748,-1.4
1956-01-01,109936.5,,1884.805,-4.7
1956-04-01,111502.5,,1891.074,2.0
1956-07-01,112797.8,,1895.35,-0.1
1956-10-01,115115.8,,1921.479,4.4
1957-01-01,117444.8,,1934.843,4.7
1957-04-01,118006.3,,1938.216,-1.6
1957-07-01,119872.5,,1953.532,5.7
1957-10-01,118716.0,,1954.346,1.3
1958-01-01,116885.0,,1927.309,-5.4
1958-04-01,117994.5,,1943.243,7.9
1958-07-01,121460.3,,1975.484,7.7
1958-10-01,124888.8,,2002.318,7.0
1959-01-01,127582.5,,2039.017,0.5
1959-04-01,130663.3,,2070.508,3.9
1959-07-01,131258.5,,2092.138,0.6
1959-10-01,132150.0,,2094.495,-1.3
1960-01-01,135662.0,,2114.532,9.7
1960-04-01,135270.0,,2141.205,-6.1
1960-07-01,136401.0,,2132.646,2.4
1960-10-01,135049.3,,2135.408,-5.2
1961-01-01,136254.5,,2134.615,5.3
1961-04-01,138886.3,,2166.382,10.9
1961-07-01,141916.0,,2176.916,7.0
1961-10-01,145153.0,,2220.704,3.5
1962-01-01,148503.3,,2244.227,6.7
1962-04-01,150091.5,,2271.817,-1.6
1962-07-01,152256.8,,2290.126,6.8
1962-10-01,153070.0,,2322.53,3.0
1963-01-01,155418.0,,2338.799,1.2
1963-04-01,157438.0,,2360.869,3.1
1963-07-01,161111.0,,2392.896,10.2
1963-10-01,163484.5,,2412.836,-0.3
1964-01-01,167455.5,,2460.191,2.5
1964-04-01,169668.5,,2503.709,2.2
1964-07-01,173007.8,,2549.958,4.2
1964-10-01,174329.8,,2557.236,-3.8
1965-01-01,179447.5,,2614.265,5.9
1965-04-01,182547.8,,2643.097,1.9
1965-07-01,187330.8,,2688.512,8.4
1965-10-01,192964.3,,2764.094,7.1
1966-01-01,198933.5,,2804.899,5.6
1966-04-01,201245.3,,2812.086,-2.7
1966-07-01,204909.5,,2844.198,1.3
1966-10-01,208325.5,,2856.047,2.5
1967-01-01,211042.5,,2872.504,3.2
1967-04-01,212245.8,,2911.776,1.5
1967-07-01,216308.3,,2926.685,2.1
1967-10-01,220359.8,,2944.594,1.2
1968-01-01,227346.8,,3015.162,9.2
1968-04-01,233586.0,,3061.075,3.8
1968-07-01,237706.3,,3118.445,0.2
1968-10-01,242007.5,,3132.511,-1.0
1969-01-01,248334.3,,3167.245,3.2
1969-04-01,252255.0,,3187.677,-3.2
1969-07-01,257489.0,,3203.218,0.4
1969-10-01,259536.8,,3228.82,-2.0
1970-01-01,262800.0,,3248.853,1.2
1970-04-01,266843.8,,3263.571,6.0
1970-07-01,271514.8,,3292.183,6.4
1970-10-01,272152.0,,3283.245,-3.6
1971-01-01,283789.0,,3346.268,12.4
1971-04-01,289067.8,,3377.022,1.1
1971-07-01,294418.8,,3403.947,3.8
1971-10-01,297574.3,,3460.427,-3.4
1972-01-01,307652.3,,3506.098,6.4
1972-04-01,316592.3,,3572.842,8.1
1972-07-01,322641.5,,3627.904,2.3
1972-10-01,332226.0,,3713.038,3.4
1973-01-01,344372.5,,3780.829,9.4
1973-04-01,353471.8,,3779.125,0.1
1973-07-01,358459.5,,3792.426,-3.7
1973-10-01,369072.3,,3781.115,-2.5
1974-01-01,372802.3,,3747.286,-1.0
1974-04-01,382514.0,,3760.779,-1.2
1974-07-01,390006.5,,3776.934,-4.0
1974-10-01,399919.8,,3721.726,3.6
1975-01-01,404029.0,,3752.942,3.0
1975-04-01,412963.3,,3814.672,6.5
1975-07-01,427455.0,,3868.889,5.0
1975-10-01,440457.8,,3910.492,0.4
1976-01-01,455121.8,,3988.677,6.1
1976-04-01,463083.0,,4025.375,3.7
1976-07-01,471639.5,,4067.757,0.9
1976-10-01,483568.3,,4120.536,1.2
1977-01-01,497162.0,,4169.104,2.6
1977-04-01,513977.3,,4191.711,1.6
1977-07-01,529618.3,,4231.345,4.3
1977-10-01,541067.5,,4294.965,-5.0
1978-01-01,550690.0,,4319.094,0.2
1978-04-01,582908.3,,4411.431,8.2
1978-07-01,598763.3,,4429.955,0.2
1978-10-01,619237.3,,4465.702,2.7
1979-01-01,631652.5,,4488.83,-3.6
1979-04-01,647811.8,,4485.916,-0.7
1979-07-01,666891.3,,4529.568,-0.5
1979-10-01,680970.8,,4540.839,-0.5
1980-01-01,697460.5,,4534.348,1.9
1980-04-01,699338.0,,4432.231,-4.1
1980-07-01,714120.8,,4480.849,1.6
1980-10-01,746389.3,,4541.39,4.1
1981-01-01,781051.5,,4556.603,6.3
1981-04-01,790633.0,,4556.934,-5.1
1981-07-01,815152.3,,4578.013,3.8
1981-10-01,820204.5,,4546.699,-4.2
1982-01-01,818575.5,,4580.19,-2.0
1982-04-01,832993.0,,4594.142,0.1
1982-07-01,841580.5,,4624.939,0.8
1982-10-01,850640.3,,4705.953,3.6
1983-01-01,868353.3,,4752.481,5.6
1983-04-01,894712.0,,4849.254,9.0
1983-07-01,922294.8,,4936.211,1.0
1983-10-01,948676.5,,5014.874,2.3
1984-01-01,977013.5,,5056.492,1.9
1984-04-01,1002400.3,,5127.332,2.2
1984-07-01,1021062.5,,5165.357,1.7
1984-10-01,1037137.8,,5232.266,0.4
1985-01-01,1057542.0,,5321.159,1.3
1985-04-01,1073721.8,,5370.011,1.3
1985-07-01,1096693.3,,5472.014,5.2
1985-10-01,1111023.5,,5483.866,1.6
1986-01-01,1126973.5,,5531.807,4.8
1986-04-01,1136335.0,,5592.08,3.2
1986-07-01,1151917.3,,5690.971,1.7
1986-10-01,1164406.8,,5725.812,-0.9
1987-01-01,1180539.0,,5731.226,-1.9
1987-04-01,1201540.0,,5809.376,2.7
1987-07-01,1221138.8,,5875.641,0.1
1987-10-01,1251998.5,,5888.065,4.1
1988-01-01,1268343.0,,5992.101,1.5
1988-04-01,1297509.0,,6036.355,1.1
1988-07-01,1320708.8,,6090.001,0.8
1988-10-01,1349877.3,,6159.246,0.4
1989-01-01,1377813.3,,6187.816,0.7
1989-04-01,1403115.8,,6216.695,1.2
1989-07-01,1423841.3,,6276.877,1.9
1989-10-01,1436809.3,,6304.157,0.0
1990-01-01,1468175.3,,6357.213,3.8
1990-04-01,1490007.0,,6376.579,2.8
1990-07-01,1503779.0,,6401.841,1.3
1990-10-01,1501183.3,,6353.139,-4.1
1991-01-01,1508794.5,,6329.249,1.2
1991-04-01,1531715.5,,6381.703,6.7
1991-07-01,1551484.3,,6413.521,3.5
1991-10-01,1566135.0,,6410.312,1.9
1992-01-01,1590775.5,,6530.335,8.1
1992-04-01,1617690.8,,6574.665,3.4
1992-07-01,1641660.3,,6645.14,3.7
1992-10-01,1670200.8,,6724.342,2.3
1993-01-01,1682364.8,,6750.123,-3.4
1993-04-01,1702234.8,,6811.522,-2.3
1993-07-01,1720524.5,,6887.329,1.8
1993-10-01,1753434.5,,6947.788,1.5
1994-01-01,1778913.0,,7027.255,1.1
1994-04-01,1811732.8,,7081.931,0.4
1994-07-01,1832768.8,,7135.93,-2.2
1994-10-01,1863822.0,,7213.079,4.3
1995-01-01,1880572.3,,7231.032,0.3
1995-04-01,1895249.3,,7294.424,1.9
1995-07-01,1920781.3,,7360.529,0.0
1995-10-01,1943146.5,,7411.873,2.2
1996-01-01,1967117.0,,7480.231,2.5
1996-04-01,2008210.0,,7560.702,3.9
1996-07-01,2032852.0,,7606.475,1.5
1996-10-01,2064942.8,,7667.062,0.4
1997-01-01,2090663.8,,7747.88,-0.9
1997-04-01,2129706.3,,7782.76,6.0
1997-07-01,2165705.8,,7915.359,3.3
1997-10-01,2191476.8,,8009.964,2.0
1998-01-01,2216620.0,,8090.987,3.8
1998-04-01,2242424.8,,8233.463,2.0
1998-07-01,2280274.3,,8340.831,5.5
1998-10-01,2323497.8,,8461.33,3.1
1999-01-01,2352920.5,,8548.235,5.7
1999-04-01,2381552.5,,8679.143,1.5
1999-07-01,2421656.5,,8776.715,3.7
1999-10-01,2475042.3,,8905.093,6.1
2000-01-01,2500544.8,,9039.743,-1.6
2000-04-01,2561930.0,,9124.152,8.3
2000-07-01,2579541.3,,9211.569,-0.4
2000-10-01,2608936.0,,9292.05,4.3
2001-01-01,2617557.8,,9325.751,-2.2
2001-04-01,2649750.0,,9344.486,7.1
2001-07-01,2649505.0,,9377.003,2.3
2001-10-01,2665116.3,,9528.302,5.2
2002-01-01,2695875.0,,9549.516,8.6
2002-04-01,2721865.0,,9597.82,0.6
2002-07-01,2746010.0,,9664.988,3.1
2002-10-01,2765358.3,,9718.745,-0.5
2003-01-01,2793532.3,,9766.616,4.0
2003-04-01,2828191.5,,9878.442,5.4
2003-07-01,2891667.3,,10018.122,9.1
2003-10-01,2943058.5,,10087.092,3.9
2004-01-01,2980861.8,,10181.141,-1.2
2004-04-01,3028203.8,,10236.694,4.2
2004-07-01,3076326.8,,10356.936,1.9
2004-10-01,3131803.5,,10474.084,1.8
2005-01-01,3191821.5,,10540.638,4.3
2005-04-01,3230664.0,,10657.449,-0.4
2005-07-01,3285660.5,,10745.873,2.8
2005-10-01,3331051.0,,10765.68,0.0
2006-01-01,3399790.0,,10883.075,2.8
2006-04-01,3438356.0,,10939.498,-0.4
2006-07-01,3467547.0,,11009.748,-0.8
2006-10-01,3509890.0,,11114.771,2.6
2007-01-01,3553912.8,,11183.323,1.4
2007-04-01,3600520.5,,11212.669,1.2
2007-07-01,3641029.3,,11287.468,3.6
2007-10-01,3678764.5,,11331.949,3.2
2008-01-01,3676634.5,,11316.411,-2.6
2008-04-01,3716425.3,,11347.595,4.8
2008-07-01,3724749.8,,11260.136,1.0
2008-10-01,3652052.3,,11158.801,-2.1
2009-01-01,3607725.5,,11130.464,4.6
2009-04-01,3595309.0,,11075.748,9.5
2009-07-01,3612220.5,,11150.23,6.5
2009-10-01,3662812.3,,11137.946,5.5
2010-01-01,3691152.5,,11202.495,0.4
2010-04-01,3745048.3,,11302.955,1.3
2010-07-01,3785401.8,,11383.596,2.6
2010-10-01,3827368.5,,11453.368,1.3
2011-01-01,3837862.0,,11497.12,-2.9
2011-04-01,3889384.8,,11508.95,0.3
2011-07-01,3911920.0,3.2445,11543.975,-0.7
2011-10-01,3960564.8,5.1684,11563.89,1.9
2012-01-01,4017201.3,3.0151,11647.297,2.0
2012-04-01,4051778.8,0.2243,11667.753,2.1
2012-07-01,4079885.3,1.849,11691.414,-1.2
2012-10-01,4105104.8,0.0776,11738.007,-1.5
2013-01-01,4162047.3,2.8718,11814.326,2.0
2013-04-01,4182171.8,1.3,11848.089,-1.0
2013-07-01,4238459.5,2.3233,11896.258,2.9
2013-10-01,4298004.8,3.1249,12001.027,3.9
2014-01-01,4299434.5,0.3489,12044.203,-3.3
2014-04-01,4379627.0,2.6666,12159.899,2.6
2014-07-01,4451057.0,2.6999,12280.086,3.5
2014-10-01,4478019.8,3.4918,12421.595,-1.4
2015-01-01,4515882.3,0.0988,12516.902,2.3
2015-04-01,4569946.0,2.4328,12603.053,2.0
2015-07-01,4600406.5,1.0637,12691.79,1.1
2015-10-01,4608784.3,1.0179,12743.411,-2.4
2016-01-01,4631483.3,0.6209,12839.618,1.7
2016-04-01,4677925.5,1.8333,12903.306,0.3
2016-07-01,4723159.8,2.0953,12993.064,1.4
2016-10-01,4772344.8,2.8814,13060.061,2.7
2017-01-01,4820021.0,0.1699,13160.475,0.7
2017-04-01,4859660.8,2.8194,13225.743,0.2
2017-07-01,4923148.8,2.7182,13315.382,3.3
2017-10-01,5009272.0,3.406,13460.902,3.0
2018-01-01,5082138.3,1.9834,13558.373,1.3
2018-04-01,5145228.0,3.8225,13630.967,0.0
2018-07-01,5199682.5,3.5537,13693.79,1.2
2018-10-01,5229466.8,1.8466,13736.572,-0.7
2019-01-01,5277900.0,2.6711,13758.331,3.4
2019-04-01,5349484.5,1.3334,13875.705,2.5
2019-07-01,5429292.8,1.6752,14033.222,4.6
2019-10-01,5483304.3,1.7394,14125.274,3.8
2020-01-01,5437809.5,-0.9691,13887.048,-1.6
2020-04-01,4989572.8,-32.0844,12685.319,20.9
2020-07-01,5426109.3,36.9708,13813.706,6.4
2020-10-01,5521790.0,7.16,14001.366,-3.2
2021-01-01,5670173.3,7.8694,14319.617,2.9
2021-04-01,5856477.5,6.4265,14820.014,0.8
2021-07-01,5995594.8,0.195,14943.244,-2.4
2021-10-01,6203400.0,6.4986,15086.862,2.3
2022-01-01,6312586.8,0.3728,15100.85,-4.9
2022-04-01,6465323.0,-1.2002,15224.357,-2.9
2022-07-01,6584076.0,3.0885,15295.828,0.2
2022-10-01,6692628.5,3.5294,15326.248,2.3
2023-01-01,6804111.3,1.1326,15495.754,0.9
2023-04-01,6882513.8,2.4126,15553.719,4.0
2023-07-01,7018711.5,5.4052,15671.906,5.0
2023-10-01,7106180.5,2.3834,15789.717,3.9
2024-01-01,7177040.3,2.7047,15857.704,0.2
2024-04-01,7286761.0,2.6132,16009.637,3.7
2024-07-01,7377916.0,2.789,16165.768,3.7
2024-10-01,7456295.5,2.2711,16320.89,1.4
2025-01-01,7510528.3,-2.7318,16345.793,-0.9
2025-04-01,7621432.3,2.902,16445.685,4.2
2025-07-01,7774506.8,3.4728,16585.878,5.2
2025-10-01,7860620.8,4.2373,16665.219,1.8
2026-01-01,,1.3078,,
