Time,GDPC1,NGDPSAXDCUSQ,GDPNOW,PCECC96,PCNDGC96,PNFIC1,PRFIC1,GCE,ECIWAG,EXPGS,IMPGS,NETEXP
1939-01-01,,,,,,,,,,,,
1939-04-01,,,,,,,,,,,,
1939-07-01,,,,,,,,,,,,
1939-10-01,,,,,,,,,,,,
1940-01-01,,,,,,,,,,,,
1940-04-01,,,,,,,,,,,,
1940-07-01,,,,,,,,,,,,
1940-10-01,,,,,,,,,,,,
1941-01-01,,,,,,,,,,,,
1941-04-01,,,,,,,,,,,,
1941-07-01,,,,,,,,,,,,
1941-10-01,,,,,,,,,,,,
1942-01-01,,,,,,,,,,,,
1942-04-01,,,,,,,,,,,,
1942-07-01,,,,,,,,,,,,
1942-10-01,,,,,,,,,,,,
1943-01-01,,,,,,,,,,,,
1943-04-01,,,,,,,,,,,,
1943-07-01,,,,,,,,,,,,
1943-10-01,,,,,,,,,,,,
1944-01-01,,,,,,,,,,,,
1944-04-01,,,,,,,,,,,,
1944-07-01,,,,,,,,,,,,
1944-10-01,,,,,,,,,,,,
1945-01-01,,,,,,,,,,,,
1945-04-01,,,,,,,,,,,,
1945-07-01,,,,,,,,,,,,
1945-10-01,,,,,,,,,,,,
1946-01-01,,,,,,,,,,,,
1946-04-01,,,,,,,,,,,,
1946-07-01,,,,,,,,,,,,
1946-10-01,,,,,,,,,,,,
1947-01-01,2182.681,,,1351.397,,,,40.274,,18.394,7.519,10.875
1947-04-01,2176.892,,,1373.88,,,,40.138,,19.497,8.203,11.294
1947-07-01,2172.432,,,1378.358,,,,39.361,,19.433,7.663,11.77
1947-10-01,2206.452,,,1378.796,,,,39.534,,17.636,8.347,9.289
1948-01-01,2239.682,,,1385.667,,,,40.875,,16.917,9.624,7.293
1948-04-01,2276.69,,,1401.789,,,,42.884,,15.241,10.036,5.205
1948-07-01,2289.77,,,1403.859,,,,44.66,,15.405,10.456,4.949
1948-10-01,2292.364,,,1415.063,,,,46.603,,14.625,10.124,4.501
1949-01-01,2260.807,,,1417.353,,,,48.585,,16.082,9.604,6.478
1949-04-01,2253.128,,,1439.077,,,,50.381,,15.647,9.364,6.283
1949-07-01,2276.424,,,1442.341,,,,50.356,,14.115,8.936,5.179
1949-10-01,2257.352,,,1463.488,,,,49.91,,12.091,9.092,2.999
1950-01-01,2346.104,70207.0,,1487.854,,,,48.956,,11.704,9.501,2.203
1950-04-01,2417.682,72595.8,,1512.357,,,,49.643,,11.872,10.229,1.643
1950-07-01,2511.127,77038.3,,1590.019,,,,49.746,,12.293,13.033,-0.74
1950-10-01,2559.214,79986.3,,1542.087,,,,53.713,,13.531,13.685,-0.154
1951-01-01,2593.967,84000.0,,1579.375,,,,62.033,,15.043,14.866,0.177
1951-04-01,2638.898,86022.5,,1534.744,,,,69.821,,17.121,15.178,1.943
1951-07-01,2693.259,87846.3,,1552.624,,,,78.046,,18.052,14.31,3.742
1951-10-01,2699.156,89044.5,,1561.67,,,,83.314,,18.18,13.99,4.19
1952-01-01,2727.954,89955.0,,1565.288,,,,84.998,,18.679,14.958,3.721
1952-04-01,2733.8,90257.5,,1595.941,,,,88.987,,16.581,14.63,1.951
1952-07-01,2753.517,91925.3,,1603.596,,,,90.931,,15.246,15.25,-0.004
1952-10-01,2843.941,95203.0,,1660.168,,,,93.418,,15.329,16.342,-1.013
1953-01-01,2896.811,96995.0,,1679.665,,,,95.764,,15.128,15.795,-0.667
1953-04-01,2919.206,97937.3,,1689.777,,,,97.925,,15.196,16.447,-1.251
1953-07-01,2902.785,97792.8,,1685.752,,,,96.622,,15.755,16.307,-0.552
1953-10-01,2858.845,96492.5,,1674.449,,,,96.747,,15.172,15.507,-0.335
1954-01-01,2845.192,96336.3,,1680.625,,,,94.831,,14.424,14.78,-0.356
1954-04-01,2848.305,96530.3,,1702.449,,,,92.534,,16.438,16.184,0.254
1954-07-01,2880.482,97749.0,,1725.489,,,,91.148,,15.878,15.304,0.574
1954-10-01,2936.852,99933.5,,1761.703,,,,91.356,,16.605,15.46,1.145
1955-01-01,3020.746,103268.3,,1801.231,,,,91.869,,17.273,16.169,1.104
1955-04-01,3069.91,105383.0,,1835.737,,,,92.533,,16.942,17.097,-0.155
1955-07-01,3111.379,107555.3,,1858.411,,,,94.099,,18.145,17.421,0.724
1955-10-01,3130.068,109273.0,,1881.748,,,,93.331,,18.349,18.109,0.24
1956-01-01,3117.922,109936.5,,1884.805,,,,94.848,,19.365,18.925,0.44
1956-04-01,3143.694,111502.5,,1891.074,,,,98.247,,20.882,18.973,1.909
1956-07-01,3140.874,112797.8,,1895.35,,,,98.279,,21.822,19.253,2.569
1956-10-01,3192.57,115115.8,,1921.479,,,,101.345,,23.068,18.541,4.527
1957-01-01,3213.011,117444.8,,1934.843,,,,105.342,,24.919,20.1,4.819
1957-04-01,3205.97,118006.3,,1938.216,,,,105.842,,24.369,20.27,4.099
1957-07-01,3237.386,119872.5,,1953.532,,,,107.405,,23.759,19.762,3.997
1957-10-01,3203.894,118716.0,,1954.346,,,,110.062,,23.022,19.634,3.388
1958-01-01,3120.724,116885.0,,1927.309,,,,109.843,,20.534,19.455,1.079
1958-04-01,3141.224,117994.5,,1943.243,,,,113.624,,20.546,20.075,0.471
1958-07-01,3213.884,121460.3,,1975.484,,,,115.093,,20.595,19.739,0.856
1958-10-01,3289.032,124888.8,,2002.318,,,,117.992,,20.563,20.823,-0.26
1959-01-01,3352.129,127582.5,,2039.017,,,,117.195,,21.915,21.396,0.519
1959-04-01,3427.667,130663.3,,2070.508,,,,118.535,,21.776,22.544,-0.768
1959-07-01,3430.057,131258.5,,2092.138,,,,119.492,,24.079,22.868,1.211
1959-10-01,3439.832,132150.0,,2094.495,,,,118.608,,23.131,22.504,0.627
1960-01-01,3517.181,135662.0,,2114.532,,,,116.951,,26.145,23.288,2.858
1960-04-01,3498.246,135270.0,,2141.205,,,,118.38,,26.85,23.455,3.395
1960-07-01,3515.385,136401.0,,2132.646,,,,122.419,,27.561,22.879,4.682
1960-10-01,3470.278,135049.3,,2135.408,,,,124.33,,27.622,21.742,5.88
1961-01-01,3493.703,136254.5,,2134.615,,,,126.218,,27.56,21.658,5.902
1961-04-01,3553.021,138886.3,,2166.382,,,,127.254,,26.627,21.899,4.727
1961-07-01,3621.252,141916.0,,2176.916,,,,129.961,,27.779,23.326,4.453
1961-10-01,3692.289,145153.0,,2220.704,,,,133.516,,28.442,23.87,4.572
1962-01-01,3758.147,148503.3,,2244.227,,,,137.107,,28.325,24.314,4.01
1962-04-01,3792.149,150091.5,,2271.817,,,,138.426,,29.662,24.884,4.777
1962-07-01,3838.776,152256.8,,2290.126,,,,142.052,,29.593,25.111,4.482
1962-10-01,3851.421,153070.0,,2322.53,,,,143.562,,28.683,25.55,3.133
1963-01-01,3893.482,155418.0,,2338.799,,,,143.724,,29.161,25.185,3.976
1963-04-01,3937.183,157438.0,,2360.869,,,,144.132,,31.448,25.89,5.558
1963-07-01,4023.755,161111.0,,2392.896,,,,149.927,,31.215,26.704,4.511
1963-10-01,4050.147,163484.5,,2412.836,,,,150.989,,32.474,26.764,5.711
1964-01-01,4135.553,167455.5,,2460.191,,,,152.554,,34.192,26.978,7.213
1964-04-01,4180.592,169668.5,,2503.709,,,,154.314,,34.03,27.726,6.305
1964-07-01,4245.918,173007.8,,2549.958,,,,156.033,,35.375,28.429,6.946
1964-10-01,4259.046,174329.8,,2557.236,,,,156.152,,36.48,29.285,7.195
1965-01-01,4362.111,179447.5,,2614.265,,,,157.025,,32.969,28.457,4.512
1965-04-01,4417.225,182547.8,,2643.097,,,,159.808,,38.367,31.679,6.688
1965-07-01,4515.427,187330.8,,2688.512,,,,166.761,,37.551,32.03,5.521
1965-10-01,4619.458,192964.3,,2764.094,,,,172.619,,39.698,33.948,5.75
1966-01-01,4731.888,198933.5,,2804.899,,,,177.032,,39.356,34.99,4.367
1966-04-01,4748.046,201245.3,,2812.086,,,,181.659,,40.872,36.24,4.632
1966-07-01,4788.254,204909.5,,2844.198,,,,189.466,,40.857,38.171,2.687
1966-10-01,4827.537,208325.5,,2856.047,,,,193.621,,42.594,38.829,3.765
1967-01-01,4870.299,211042.5,,2872.504,,,,202.588,,43.886,39.432,4.453
1967-04-01,4873.287,212245.8,,2911.776,,,,203.811,,43.239,39.02,4.219
1967-07-01,4919.392,216308.3,,2926.685,,,,208.379,,42.845,39.543,3.302
1967-10-01,4956.477,220359.8,,2944.594,,,,213.293,,43.896,41.652,2.244
1968-01-01,5057.553,227346.8,,3015.162,,,,219.749,,45.452,44.399,1.054
1968-04-01,5142.033,233586.0,,3061.075,,,,223.637,,47.165,45.416,1.749
1968-07-01,5181.859,237706.3,,3118.445,,,,227.37,,49.891,48.24,1.65
1968-10-01,5202.212,242007.5,,3132.511,,,,231.347,,49.116,48.17,0.945
1969-01-01,5283.597,248334.3,,3167.245,,,,233.705,,44.042,43.804,0.239
1969-04-01,5299.625,252255.0,,3187.677,,,,236.859,,53.775,52.671,1.104
1969-07-01,5334.6,257489.0,,3203.218,,,,242.535,,53.596,52.365,1.231
1969-10-01,5308.556,259536.8,,3228.82,,,,242.838,,56.275,53.126,3.149
1970-01-01,5300.652,262800.0,,3248.853,,,,247.889,,57.031,53.517,3.514
1970-04-01,5308.164,266843.8,,3263.571,,,,249.143,,60.411,55.204,5.207
1970-07-01,5357.077,271514.8,,3292.183,,,,254.584,,60.519,56.431,4.088
1970-10-01,5299.672,272152.0,,3283.245,,,,258.708,,60.873,57.888,2.985
1971-01-01,5443.619,283789.0,,3346.268,,,,261.905,,63.221,58.651,4.57
1971-04-01,5473.059,289067.8,,3377.022,,,,266.118,,62.894,63.296,-0.401
1971-07-01,5518.072,294418.8,,3403.947,,,,269.783,,65.717,65.482,0.236
1971-10-01,5531.032,297574.3,,3460.427,,,,272.067,,60.019,61.939,-1.92
1972-01-01,5632.649,307652.3,,3506.098,,,,282.228,,68.639,72.173,-3.534
1972-04-01,5760.47,316592.3,,3572.842,,,,286.464,,67.152,71.409,-4.258
1972-07-01,5814.854,322641.5,,3627.904,,,,284.316,,71.453,74.09,-2.638
1972-10-01,5912.22,332226.0,,3713.038,,,,291.749,,76.129,79.19,-3.061
1973-01-01,6058.544,344372.5,,3780.829,,,,299.571,,83.959,85.36,-1.4
1973-04-01,6124.506,353471.8,,3779.125,,,,302.709,,91.923,89.468,2.454
1973-07-01,6092.301,358459.5,,3792.426,,,,304.189,,97.576,91.139,6.437
1973-10-01,6150.131,369072.3,,3781.115,,,,312.593,,107.62,98.669,8.952
1974-01-01,6097.258,372802.3,,3747.286,,,,324.586,,116.709,110.315,6.394
1974-04-01,6111.751,382514.0,,3760.779,,,,334.957,,126.668,129.382,-2.714
1974-07-01,6053.978,390006.5,,3776.934,,,,346.71,,126.638,133.61,-6.972
1974-10-01,6030.464,399919.8,,3721.726,,,,359.228,,136.585,136.552,0.033
1975-01-01,5957.035,404029.0,,3752.942,,,,370.138,,141.369,124.888,16.481
1975-04-01,5999.61,412963.3,,3814.672,,,,373.408,,136.827,115.245,21.582
1975-07-01,6102.326,427455.0,,3868.889,,,,385.394,,134.098,122.055,12.043
1975-10-01,6184.53,440457.8,,3910.492,,,,395.571,,142.531,128.73,13.801
1976-01-01,6323.649,455121.8,,3988.677,,,,401.291,,143.588,138.938,4.65
1976-04-01,6370.025,463083.0,,4025.375,,,,400.985,,146.621,147.116,-0.496
1976-07-01,6404.895,471639.5,,4067.757,,,,403.517,,151.775,155.848,-4.073
1976-10-01,6451.177,483568.3,,4120.536,,,,410.818,,156.076,162.68,-6.603
1977-01-01,6527.703,497162.0,,4169.104,,,,421.202,,155.354,176.433,-21.079
1977-04-01,6654.466,513977.3,,4191.711,,,,431.362,,161.906,183.042,-21.136
1977-07-01,6774.457,529618.3,,4231.345,,,,438.014,,162.325,182.904,-20.579
1977-10-01,6774.592,541067.5,,4294.965,,,,446.749,,157.809,187.391,-29.582
1978-01-01,6796.26,550690.0,,4319.094,,,,452.589,,164.601,203.282,-38.681
1978-04-01,7058.92,582908.3,,4411.431,,,,472.288,,186.215,208.84,-22.624
1978-07-01,7129.915,598763.3,,4429.955,,,,484.229,,191.302,215.062,-23.76
1978-10-01,7225.75,619237.3,,4465.702,,,,496.241,,205.415,221.815,-16.4
1979-01-01,7238.727,631652.5,,4488.83,,,,501.818,,211.669,229.828,-18.159
1979-04-01,7246.454,647811.8,,4485.916,,,,516.508,,220.908,243.097,-22.189
1979-07-01,7300.281,666891.3,,4529.568,,,,533.106,,234.277,257.306,-23.029
1979-10-01,7318.535,680970.8,,4540.839,,,,547.775,,253.664,280.466,-26.802
1980-01-01,7341.557,697460.5,,4534.348,,,,568.781,,268.508,304.311,-35.803
1980-04-01,7190.289,699338.0,,4432.231,,,,588.547,,277.389,292.6,-15.211
1980-07-01,7181.743,714120.8,,4480.849,,,,592.169,,284.673,279.202,5.471
1980-10-01,7315.677,746389.3,,4541.39,,,,608.893,,292.517,299.2,-6.682
1981-01-01,7459.022,781051.5,,4556.603,,,,633.35,,305.467,319.726,-14.259
1981-04-01,7403.745,790633.0,,4556.934,,,,648.673,,308.455,321.963,-13.508
1981-07-01,7492.405,815152.3,,4578.013,,,,657.774,,302.339,309.9,-7.561
1981-10-01,7410.768,820204.5,,4546.699,,,,677.727,,304.695,319.445,-14.75
1982-01-01,7295.631,818575.5,,4580.19,,,,688.104,,293.202,309.478,-16.276
1982-04-01,7328.912,832993.0,,4594.142,,,,703.093,,294.729,299.115,-4.386
1982-07-01,7300.896,841580.5,,4624.939,,,,717.344,,279.634,309.282,-29.647
1982-10-01,7303.817,850640.3,,4705.953,,,,737.351,,265.274,294.861,-29.587
1983-01-01,7400.066,868353.3,,4752.481,,,,747.852,,270.703,295.251,-24.548
1983-04-01,7568.456,894712.0,,4849.254,,,,761.061,,272.514,317.949,-45.434
1983-07-01,7719.746,922294.8,,4936.211,,,,782.216,,278.181,343.381,-65.2
1983-10-01,7880.794,948676.5,,5014.874,,,,775.099,,286.587,357.972,-71.385
1984-01-01,8034.847,977013.5,,5056.492,,,,794.021,,292.975,387.978,-95.004
1984-04-01,8173.67,1002400.3,,5127.332,,,,819.132,,302.2,406.501,-104.301
1984-07-01,8252.465,1021062.5,,5165.357,,,,835.72,,305.744,409.591,-103.847
1984-10-01,8320.199,1037137.8,,5232.266,,,,862.769,,308.603,416.359,-107.756
1985-01-01,8400.82,1057542.0,,5321.159,,,,875.592,,306.01,397.308,-91.298
1985-04-01,8474.787,1073721.8,,5370.011,,,,900.527,,304.126,418.571,-114.445
1985-07-01,8604.22,1096693.3,,5472.014,,,,927.363,,297.273,414.168,-116.895
1985-10-01,8668.188,1111023.5,,5483.866,,,,938.584,,305.433,438.867,-133.434
1986-01-01,8749.127,1126973.5,,5531.807,,,,946.803,,313.404,439.418,-126.014
1986-04-01,8788.524,1136335.0,,5592.08,,,,967.519,,315.119,443.99,-128.872
1986-07-01,8872.601,1151917.3,,5690.971,,,,993.597,,320.471,459.432,-138.961
1986-10-01,8920.193,1164406.8,,5725.812,,,,996.385,,334.999,468.628,-133.629
1987-01-01,8986.367,1180539.0,,5731.226,,,,1008.681,,336.451,477.685,-141.234
1987-04-01,9083.256,1201540.0,,5809.376,,,,1025.219,,355.36,502.337,-146.977
1987-07-01,9162.024,1221138.8,,5875.641,,,,1036.195,,371.854,517.318,-145.464
1987-10-01,9319.332,1251998.5,,5888.065,,,,1056.024,,392.107,537.511,-145.405
1988-01-01,9367.502,1268343.0,,5992.101,,,,1056.893,,418.727,542.714,-123.987
1988-04-01,9490.594,1297509.0,,6036.355,,,,1070.421,,439.471,546.098,-106.627
1988-07-01,9546.206,1320708.8,,6090.001,,,,1078.19,,453.586,552.849,-99.263
1988-10-01,9673.405,1349877.3,,6159.246,,,,1109.916,,466.619,574.314,-107.694
1989-01-01,9771.725,1377813.3,,6187.816,,,,1116.559,,485.189,586.154,-100.965
1989-04-01,9846.293,1403115.8,,6216.695,,,,1145.809,,507.229,595.389,-88.16
1989-07-01,9919.228,1423841.3,,6276.877,,,,1164.58,,509.352,584.427,-75.075
1989-10-01,9938.767,1436809.3,,6304.157,,,,1180.5,,515.387,598.152,-82.765
1990-01-01,10047.386,1468175.3,,6357.213,,,,1212.45,,538.232,626.767,-88.536
1990-04-01,10083.855,1490007.0,,6376.579,,,,1230.721,,545.925,614.759,-68.833
1990-07-01,10090.569,1503779.0,,6401.841,,,,1242.584,,555.149,630.102,-74.953
1990-10-01,9998.704,1501183.3,,6353.139,,,,1268.467,,568.186,647.282,-79.096
1991-01-01,9951.916,1508794.5,,6329.249,,,,1284.187,,573.177,620.317,-47.14
1991-04-01,10029.51,1531715.5,,6381.703,,,,1296.577,,590.733,613.921,-23.188
1991-07-01,10080.195,1551484.3,,6413.521,,,,1306.265,,600.595,621.669,-21.074
1991-10-01,10115.329,1566135.0,,6410.312,,,,1308.774,,615.217,638.27,-23.053
1992-01-01,10236.435,1590775.5,,6530.335,,,,1326.421,,625.287,645.823,-20.536
1992-04-01,10347.429,1617690.8,,6574.665,,,,1334.807,,626.163,658.951,-32.788
1992-07-01,10449.673,1641660.3,,6645.14,,,,1353.997,,639.365,677.853,-38.488
1992-10-01,10558.648,1670200.8,,6724.342,,,,1362.775,,641.396,688.536,-47.14
1993-01-01,10576.275,1682364.8,,6750.123,,,,1351.818,,643.606,699.31,-55.704
1993-04-01,10637.847,1702234.8,,6811.522,,,,1359.066,,653.094,716.281,-63.187
1993-07-01,10688.606,1720524.5,,6887.329,,,,1367.411,,650.897,719.251,-68.354
1993-10-01,10833.987,1753434.5,,6947.788,,,,1381.394,,671.6,745.049,-73.449
1994-01-01,10939.116,1778913.0,,7027.255,,,,1373.35,,681.232,761.827,-80.595
1994-04-01,11087.361,1811732.8,,7081.931,,,,1389.392,,706.988,797.56,-90.572
1994-07-01,11152.176,1832768.8,,7135.93,,,,1423.432,,736.883,833.751,-96.868
1994-10-01,11279.932,1863822.0,,7213.079,,,,1422.923,,758.646,860.559,-101.913
1995-01-01,11319.951,1880572.3,,7231.032,,,,1437.596,,781.57,886.899,-105.329
1995-04-01,11353.721,1895249.3,,7294.424,,,,1452.892,,798.851,908.343,-109.492
1995-07-01,11450.31,1920781.3,,7360.529,,,,1455.659,,831.399,905.843,-74.444
1995-10-01,11528.067,1943146.5,,7411.873,,,,1451.575,,839.421,909.201,-69.78
1996-01-01,11614.418,1967117.0,,7480.231,,,,1471.295,,847.94,936.735,-88.795
1996-04-01,11808.14,2008210.0,,7560.702,,,,1487.662,,859.042,952.751,-93.709
1996-07-01,11914.063,2032852.0,,7606.475,,,,1496.733,,859.577,973.757,-114.18
1996-10-01,12037.775,2064942.8,,7667.062,,,,1515.702,,903.798,992.62,-88.822
1997-01-01,12115.472,2090663.8,,7747.88,,,,1515.985,,918.374,1027.213,-108.839
1997-04-01,12317.221,2129706.3,,7782.76,,,,1542.541,,954.45,1039.651,-85.201
1997-07-01,12471.01,2165705.8,,7915.359,,,,1555.224,,974.057,1070.888,-96.831
1997-10-01,12577.495,2191476.8,,8009.964,,,,1574.782,,968.33,1085.344,-117.014
1998-01-01,12703.742,2216620.0,,8090.987,,,,1568.029,,963.021,1098.236,-135.215
1998-04-01,12821.339,2242424.8,,8233.463,,,,1603.691,,947.295,1109.626,-162.331
1998-07-01,12982.752,2280274.3,,8340.831,,,,1627.262,,935.263,1109.897,-174.634
1998-10-01,13191.67,2323497.8,,8461.33,,,,1647.452,,966.337,1145.0,-178.663
1999-01-01,13315.597,2352920.5,,8548.235,,,,1669.139,,960.764,1173.324,-212.559
1999-04-01,13426.748,2381552.5,,8679.143,,,,1694.757,,974.597,1222.126,-247.53
1999-07-01,13604.771,2421656.5,,8776.715,,,,1733.984,,1005.309,1281.712,-276.403
1999-10-01,13827.98,2475042.3,,8905.093,,,,1781.74,,1030.971,1332.679,-301.708
2000-01-01,13878.147,2500544.8,,9039.743,,,,1789.895,,1052.904,1409.487,-356.583
2000-04-01,14130.908,2561930.0,,9124.152,,,,1822.524,,1093.36,1455.86,-362.501
2000-07-01,14145.312,2579541.3,,9211.569,,,,1832.078,,1125.002,1518.869,-393.867
2000-10-01,14229.765,2608936.0,,9292.05,,,,1861.253,,1113.177,1524.52,-411.343
2001-01-01,14183.12,2617557.8,,9325.751,,,,1906.253,87.6,1096.812,1499.464,-402.653
2001-04-01,14271.694,2649750.0,,9344.486,,,,1947.731,88.4,1058.013,1422.028,-364.015
2001-07-01,14214.516,2649505.0,,9377.003,,,,1953.408,89.2,998.902,1369.536,-370.634
2001-10-01,14253.574,2665116.3,,9528.302,,,,1992.742,90.0,953.52,1323.208,-369.688
2002-01-01,14372.785,2695875.0,,9549.516,,,,2040.01,90.7,969.157,1356.041,-386.884
2002-04-01,14460.848,2721865.0,,9597.82,,,,2074.482,91.6,1004.154,1432.413,-428.259
2002-07-01,14519.633,2746010.0,,9664.988,,,,2101.256,92.0,1015.56,1463.107,-447.548
2002-10-01,14537.58,2765358.3,,9718.745,,,,2142.232,92.3,1003.046,1499.335,-496.289
2003-01-01,14614.141,2793532.3,,9766.616,,,,2172.01,93.3,1004.201,1529.463,-525.262
2003-04-01,14743.567,2828191.5,,9878.442,,,,2198.793,93.8,1007.465,1527.336,-519.87
2003-07-01,14988.782,2891667.3,,10018.122,,,,2220.432,94.7,1037.31,1556.304,-518.994
2003-10-01,15162.76,2943058.5,,10087.092,,,,2251.164,95.2,1091.682,1615.376,-523.694
2004-01-01,15248.68,2980861.8,,10181.141,,,,2286.594,95.7,1133.669,1699.644,-565.975
2004-04-01,15366.85,3028203.8,,10236.694,,,,2320.682,96.4,1170.152,1787.734,-617.581
2004-07-01,15512.619,3076326.8,,10356.936,,,,2356.371,97.2,1180.185,1832.856,-652.672
2004-10-01,15670.88,3131803.5,,10474.084,,,,2388.847,97.7,1221.444,1921.78,-700.336
2005-01-01,15844.727,3191821.5,,10540.638,,,,2426.138,98.3,1258.408,1955.063,-696.655
2005-04-01,15922.782,3230664.0,,10657.449,,,,2452.246,98.8,1294.853,2002.063,-707.21
2005-07-01,16047.587,3285660.5,,10745.873,,,,2494.438,99.4,1302.315,2053.275,-750.961
2005-10-01,16136.734,3331051.0,,10765.68,,,,2528.432,100.1,1350.743,2155.529,-804.786
2006-01-01,16353.835,3399790.0,,10883.075,,,,2580.086,100.8,1413.966,2204.784,-790.818
2006-04-01,16396.151,3438356.0,,10939.498,,,,2610.565,101.6,1459.767,2253.809,-794.042
2006-07-01,16420.738,3467547.0,,11009.748,,,,2630.28,102.5,1475.417,2298.702,-823.284
2006-10-01,16561.866,3509890.0,,11114.771,,,,2674.454,103.3,1531.531,2269.198,-737.668
2007-01-01,16611.69,3553912.8,,11183.323,2435.014,1940.435,892.211,2718.491,104.3,1577.991,2317.264,-739.273
2007-04-01,16713.314,3600520.5,,11212.669,2429.864,1983.497,857.055,2769.958,105.1,1622.764,2368.569,-745.806
2007-07-01,16809.587,3641029.3,,11287.468,2437.516,2014.616,802.575,2808.718,105.9,1685.71,2414.664,-728.954
2007-10-01,16915.191,3678764.5,,11331.949,2435.524,2045.689,735.842,2865.057,106.7,1750.714,2480.413,-729.699
2008-01-01,16843.003,3676634.5,,11316.411,2416.648,2053.812,677.302,2909.64,107.6,1813.321,2584.568,-771.248
2008-04-01,16943.291,3716425.3,,11347.595,2420.379,2057.975,646.624,2971.642,108.4,1905.282,2681.686,-776.404
2008-07-01,16854.295,3724749.8,,11260.136,2385.067,2019.55,613.819,3029.032,109.0,1922.215,2709.569,-787.354
2008-10-01,16485.35,3652052.3,,11158.801,2362.307,1901.929,554.077,3021.826,109.5,1700.304,2328.779,-628.474
2009-01-01,16298.262,3607725.5,,11130.464,2361.431,1758.633,500.348,3022.047,109.8,1511.768,1932.761,-420.992
2009-04-01,16269.145,3595309.0,,11075.748,2347.273,1705.141,469.588,3070.452,110.1,1521.093,1879.461,-358.368
2009-07-01,16326.281,3612220.5,,11150.23,2354.737,1695.222,491.406,3092.058,110.5,1594.725,2018.722,-423.998
2009-10-01,16502.754,3662812.3,,11137.946,2362.265,1706.564,490.39,3120.796,111.0,1703.508,2176.763,-473.254
2010-01-01,16582.71,3691152.5,,11202.495,2374.836,1718.732,474.574,3133.819,111.4,1759.877,2269.069,-509.192
2010-04-01,16743.162,3745048.3,,11302.955,2387.864,1775.333,499.233,3165.768,111.9,1819.741,2362.255,-542.514
2010-07-01,16872.266,3785401.8,,11383.596,2396.783,1823.655,454.993,3158.301,112.3,1877.253,2431.195,-553.943
2010-10-01,16960.864,3827368.5,,11453.368,2414.633,1859.421,462.52,3164.317,112.9,1972.116,2495.702,-523.586
2011-01-01,16920.632,3837862.0,,11497.12,2422.669,1857.309,460.953,3155.768,113.2,2040.407,2608.884,-568.476
2011-04-01,17035.114,3889384.8,,11508.95,2417.537,1905.711,466.179,3168.261,113.7,2116.132,2697.224,-581.092
2011-07-01,17031.313,3911920.0,3.2445,11543.975,2409.293,1995.353,474.579,3136.922,114.2,2156.793,2723.903,-567.111
2011-10-01,17222.583,3960564.8,5.1684,11563.89,2408.723,2046.64,486.889,3130.765,114.7,2150.123,2751.911,-601.788
2012-01-01,17367.01,4017201.3,3.0151,11647.297,2426.333,2099.256,516.345,3144.024,115.3,2189.981,2792.253,-602.271
2012-04-01,17444.525,4051778.8,0.2243,11667.753,2423.566,2146.704,520.771,3130.438,115.8,2215.586,2780.827,-565.241
2012-07-01,17469.65,4079885.3,1.849,11691.414,2424.764,2139.633,534.146,3139.112,116.3,2227.734,2750.817,-523.083
2012-10-01,17489.852,4105104.8,0.0776,11738.007,2424.826,2162.912,561.974,3132.308,116.7,2237.498,2753.373,-515.874
2013-01-01,17662.4,4162047.3,2.8718,11814.326,2461.515,2196.264,583.345,3123.454,117.4,2255.929,2755.277,-499.348
2013-04-01,17709.671,4182171.8,1.3,11848.089,2463.711,2207.605,603.035,3131.143,118.0,2261.403,2759.783,-498.38
2013-07-01,17860.45,4238459.5,2.3233,11896.258,2482.654,2248.212,613.966,3135.192,118.4,2285.116,2767.183,-482.067
2013-10-01,18016.147,4298004.8,3.1249,12001.027,2506.699,2302.178,604.215,3140.517,119.1,2349.24,2783.259,-434.019
2014-01-01,17953.974,4299434.5,0.3489,12044.203,2514.711,2339.393,601.624,3139.06,119.4,2343.602,2853.69,-510.088
2014-04-01,18185.911,4379627.0,2.6666,12159.899,2540.347,2406.416,621.366,3154.366,120.2,2395.168,2900.572,-505.404
2014-07-01,18406.941,4451057.0,2.6999,12280.086,2561.827,2458.452,630.798,3191.749,121.1,2399.191,2888.549,-489.357
2014-10-01,18500.031,4478019.8,3.4918,12421.595,2592.382,2479.937,653.415,3189.253,121.8,2376.218,2906.969,-530.751
2015-01-01,18666.621,4515882.3,0.0988,12516.902,2618.169,2481.11,666.289,3187.915,122.6,2299.045,2825.476,-526.432
2015-04-01,18782.243,4569946.0,2.4328,12603.053,2633.975,2498.351,684.076,3234.067,122.8,2300.441,2809.968,-509.527
2015-07-01,18857.418,4600406.5,1.0637,12691.79,2661.582,2513.595,705.645,3253.554,123.6,2260.724,2798.806,-538.082
2015-10-01,18892.206,4608784.3,1.0179,12743.411,2671.659,2502.473,716.639,3258.142,124.3,2222.279,2745.517,-523.238
2016-01-01,19001.69,4631483.3,0.6209,12839.618,2696.651,2504.57,739.045,3270.141,125.1,2181.957,2693.639,-511.682
2016-04-01,19062.709,4677925.5,1.8333,12903.306,2720.377,2525.941,741.346,3289.566,126.0,2221.936,2711.306,-489.37
2016-07-01,19197.938,4723159.8,2.0953,12993.064,2729.065,2564.0,739.347,3315.171,126.6,2270.0,2751.229,-481.229
2016-10-01,19304.352,4772344.8,2.8814,13060.061,2733.555,2584.602,748.925,3337.245,127.3,2268.339,2799.145,-530.806
2017-01-01,19398.343,4820021.0,0.1699,13160.475,2759.465,2610.431,766.457,3353.096,128.2,2339.728,2873.148,-533.42
2017-04-01,19506.949,4859660.8,2.8194,13225.743,2785.806,2639.796,770.751,3370.444,129.0,2349.681,2903.18,-553.499
2017-07-01,19660.766,4923148.8,2.7182,13315.382,2801.812,2665.246,771.325,3398.886,129.9,2384.524,2916.022,-531.498
2017-10-01,19882.352,5009272.0,3.406,13460.902,2838.132,2728.927,787.03,3466.137,130.8,2479.107,3034.004,-554.897
2018-01-01,20044.077,5082138.3,1.9834,13558.373,2858.865,2805.277,772.134,3513.876,132.0,2517.268,3093.299,-576.031
2018-04-01,20150.476,5145228.0,3.8225,13630.967,2860.773,2837.057,777.417,3570.715,132.8,2562.172,3105.995,-543.823
2018-07-01,20276.154,5199682.5,3.5537,13693.79,2869.965,2854.55,770.056,3626.086,133.9,2535.501,3153.747,-618.246
2018-10-01,20304.874,5229466.8,1.8466,13736.572,2889.741,2880.391,754.59,3650.847,134.9,2537.415,3171.622,-634.207
2019-01-01,20431.641,5277900.0,2.6711,13758.331,2914.915,2899.84,746.082,3702.934,135.8,2540.244,3132.539,-592.294
2019-04-01,20602.275,5349484.5,1.3334,13875.705,2947.945,2954.978,758.737,3761.243,136.8,2547.448,3165.41,-617.962
2019-07-01,20843.322,5429292.8,1.6752,14033.222,2976.406,2983.489,769.618,3814.837,137.9,2532.405,3117.952,-585.547
2019-10-01,20985.448,5483304.3,1.7394,14125.274,2979.06,2970.305,772.063,3864.968,138.9,2537.466,3050.824,-513.359
2020-01-01,20709.212,5431914.3,-0.9691,13887.048,3020.002,2918.067,793.939,3942.036,140.3,2430.941,2932.536,-501.596
2020-04-01,19077.992,4983861.0,-32.0844,12685.319,2926.148,2681.079,738.889,4021.699,140.8,1829.691,2356.583,-526.892
2020-07-01,20558.879,5421137.8,36.9708,13813.706,3123.831,2796.634,840.325,4001.844,141.6,2116.753,2804.369,-687.616
2020-10-01,20791.917,5517191.8,7.16,14001.366,3137.286,2875.442,899.614,4030.804,142.8,2277.965,3036.076,-758.111
2021-01-01,21082.134,5664198.3,7.8694,14319.617,3218.564,2939.916,911.81,4155.388,144.5,2393.033,3182.082,-789.049
2021-04-01,21440.929,5842215.3,6.4265,14820.014,3336.278,3010.859,901.698,4174.293,145.8,2522.815,3348.435,-825.62
2021-07-01,21617.828,5980497.8,0.195,14943.244,3342.593,2999.341,899.78,4219.865,148.0,2581.341,3454.82,-873.479
2021-10-01,21988.737,6194259.5,6.4986,15086.862,3360.014,3022.081,905.828,4285.062,149.9,2777.597,3686.382,-908.785
2022-01-01,21932.71,6303872.8,0.3728,15100.85,3334.433,3110.067,889.761,4336.227,151.7,2865.226,3914.397,-1049.17
2022-04-01,21967.045,6451447.8,-1.2002,15224.357,3335.03,3163.406,863.934,4439.375,154.0,3093.734,4089.904,-996.17
2022-07-01,22125.625,6568002.8,3.0885,15295.828,3310.079,3210.162,809.224,4486.473,155.8,3129.075,3984.675,-855.6
2022-10-01,22278.345,6683569.3,3.5294,15326.248,3302.594,3265.979,762.082,4570.552,157.7,3057.684,3908.3,-850.616
2023-01-01,22439.607,6791089.8,1.1326,15495.754,3317.274,3333.291,749.198,4640.498,159.4,3085.516,3880.433,-794.917
2023-04-01,22580.499,6863453.8,2.4126,15553.719,3322.221,3421.757,756.909,4673.36,161.1,3016.211,3813.697,-797.486
2023-07-01,22840.989,6991924.3,5.4052,15671.906,3349.408,3436.424,777.717,4789.733,162.8,3082.082,3847.616,-765.535
2023-10-01,23033.78,7074241.8,2.3834,15789.717,3376.116,3482.993,780.626,4861.013,164.4,3109.632,3897.676,-788.044
2024-01-01,23082.119,7156017.3,2.7047,15857.704,3362.801,3496.025,796.175,4931.777,166.2,3164.101,3986.579,-822.478
2024-04-01,23286.508,7254178.5,2.6132,16009.637,3397.986,3517.46,792.174,4995.15,167.6,3192.632,4087.002,-894.37
2024-07-01,23478.57,7343728.5,2.789,16165.768,3438.192,3547.627,782.472,5086.922,168.9,3256.486,4194.811,-938.325
2024-10-01,23586.542,7430966.0,2.2711,16320.89,3470.215,3514.424,790.685,5150.725,170.5,3248.255,4186.921,-938.666
2025-01-01,23548.21,7490511.8,-2.7318,16345.793,3488.908,3595.389,788.779,5195.517,171.8,3293.661,4558.265,-1264.604
2025-04-01,23770.976,7582779.3,2.902,16445.685,3507.883,3659.32,778.53,5236.97,173.566,3267.506,4167.305,-899.799
2025-07-01,,,3.7656,,,,,,,,,
