Time,CCSA
1967-01-02,1134000.0
1967-01-09,1119000.0
1967-01-16,1119000.0
1967-01-23,1103000.0
1967-01-30,1131000.0
1967-02-06,1153000.0
1967-02-13,1167000.0
1967-02-20,1199000.0
1967-02-27,1235000.0
1967-03-06,1234000.0
1967-03-13,1236000.0
1967-03-20,1268000.0
1967-03-27,1291000.0
1967-04-03,1273000.0
1967-04-10,1278000.0
1967-04-17,1277000.0
1967-04-24,1286000.0
1967-05-01,1308000.0
1967-05-08,1284000.0
1967-05-15,1265000.0
1967-05-22,1253000.0
1967-05-29,1265000.0
1967-06-05,1251000.0
1967-06-12,1248000.0
1967-06-19,1220000.0
1967-06-26,1193000.0
1967-07-03,1248000.0
1967-07-10,1258000.0
1967-07-17,1252000.0
1967-07-24,1280000.0
1967-07-31,1240000.0
1967-08-07,1215000.0
1967-08-14,1202000.0
1967-08-21,1180000.0
1967-08-28,1204000.0
1967-09-04,1189000.0
1967-09-11,1179000.0
1967-09-18,1178000.0
1967-09-25,1157000.0
1967-10-02,1165000.0
1967-10-09,1189000.0
1967-10-16,1174000.0
1967-10-23,1161000.0
1967-10-30,1176000.0
1967-11-06,1142000.0
1967-11-13,1133000.0
1967-11-20,1142000.0
1967-11-27,1150000.0
1967-12-04,1153000.0
1967-12-11,1188000.0
1967-12-18,1195000.0
1967-12-25,1167000.0
1968-01-01,1158000.0
1968-01-08,1187000.0
1968-01-15,1191000.0
1968-01-22,1157000.0
1968-01-29,1173000.0
1968-02-05,1175000.0
1968-02-12,1143000.0
1968-02-19,1165000.0
1968-02-26,1151000.0
1968-03-04,1147000.0
1968-03-11,1143000.0
1968-03-18,1136000.0
1968-03-25,1119000.0
1968-04-01,1079000.0
1968-04-08,1079000.0
1968-04-15,1059000.0
1968-04-22,1087000.0
1968-04-29,1079000.0
1968-05-06,1091000.0
1968-05-13,1071000.0
1968-05-20,1073000.0
1968-05-27,1063000.0
1968-06-03,1097000.0
1968-06-10,1071000.0
1968-06-17,1060000.0
1968-06-24,1038000.0
1968-07-01,1097000.0
1968-07-08,1076000.0
1968-07-15,1033000.0
1968-07-22,1036000.0
1968-07-29,1072000.0
1968-08-05,1088000.0
1968-08-12,1107000.0
1968-08-19,1094000.0
1968-08-26,1064000.0
1968-09-02,1067000.0
1968-09-09,1044000.0
1968-09-16,1047000.0
1968-09-23,1048000.0
1968-09-30,1060000.0
1968-10-07,1045000.0
1968-10-14,1035000.0
1968-10-21,1033000.0
1968-10-28,1028000.0
1968-11-04,1028000.0
1968-11-11,1076000.0
1968-11-18,1023000.0
1968-11-25,1056000.0
1968-12-02,1063000.0
1968-12-09,1061000.0
1968-12-16,1063000.0
1968-12-23,1116000.0
1968-12-30,1118000.0
1969-01-06,1099000.0
1969-01-13,1072000.0
1969-01-20,1077000.0
1969-01-27,1099000.0
1969-02-03,1088000.0
1969-02-10,1115000.0
1969-02-17,1092000.0
1969-02-24,1098000.0
1969-03-03,1099000.0
1969-03-10,1080000.0
1969-03-17,1071000.0
1969-03-24,1041000.0
1969-03-31,1076000.0
1969-04-07,1050000.0
1969-04-14,1025000.0
1969-04-21,992000.0
1969-04-28,1003000.0
1969-05-05,1018000.0
1969-05-12,1007000.0
1969-05-19,1006000.0
1969-05-26,988000.0
1969-06-02,992000.0
1969-06-09,1010000.0
1969-06-16,1012000.0
1969-06-23,1021000.0
1969-06-30,1072000.0
1969-07-07,1092000.0
1969-07-14,1072000.0
1969-07-21,1110000.0
1969-07-28,1126000.0
1969-08-04,1093000.0
1969-08-11,1067000.0
1969-08-18,1060000.0
1969-08-25,1074000.0
1969-09-01,1111000.0
1969-09-08,1082000.0
1969-09-15,1083000.0
1969-09-22,1086000.0
1969-09-29,1103000.0
1969-10-06,1100000.0
1969-10-13,1118000.0
1969-10-20,1136000.0
1969-10-27,1143000.0
1969-11-03,1146000.0
1969-11-10,1181000.0
1969-11-17,1158000.0
1969-11-24,1211000.0
1969-12-01,1226000.0
1969-12-08,1233000.0
1969-12-15,1252000.0
1969-12-22,1304000.0
1969-12-29,1332000.0
1970-01-05,1353000.0
1970-01-12,1371000.0
1970-01-19,1388000.0
1970-01-26,1385000.0
1970-02-02,1397000.0
1970-02-09,1445000.0
1970-02-16,1412000.0
1970-02-23,1430000.0
1970-03-02,1443000.0
1970-03-09,1456000.0
1970-03-16,1498000.0
1970-03-23,1537000.0
1970-03-30,1573000.0
1970-04-06,1586000.0
1970-04-13,1653000.0
1970-04-20,1748000.0
1970-04-27,1811000.0
1970-05-04,1847000.0
1970-05-11,1840000.0
1970-05-18,1827000.0
1970-05-25,1807000.0
1970-06-01,1817000.0
1970-06-08,1852000.0
1970-06-15,1864000.0
1970-06-22,1866000.0
1970-06-29,1853000.0
1970-07-06,1868000.0
1970-07-13,1877000.0
1970-07-20,1918000.0
1970-07-27,1900000.0
1970-08-03,1890000.0
1970-08-10,1933000.0
1970-08-17,1970000.0
1970-08-24,2005000.0
1970-08-31,1996000.0
1970-09-07,2068000.0
1970-09-14,2069000.0
1970-09-21,2092000.0
1970-09-28,2164000.0
1970-10-05,2207000.0
1970-10-12,2210000.0
1970-10-19,2257000.0
1970-10-26,2233000.0
1970-11-02,2279000.0
1970-11-09,2343000.0
1970-11-16,2285000.0
1970-11-23,2292000.0
1970-11-30,2276000.0
1970-12-07,2193000.0
1970-12-14,2224000.0
1970-12-21,2147000.0
1970-12-28,2102000.0
1971-01-04,2124000.0
1971-01-11,2100000.0
1971-01-18,2091000.0
1971-01-25,2086000.0
1971-02-01,2120000.0
1971-02-08,2079000.0
1971-02-15,2120000.0
1971-02-22,2081000.0
1971-03-01,2132000.0
1971-03-08,2126000.0
1971-03-15,2140000.0
1971-03-22,2157000.0
1971-03-29,2135000.0
1971-04-05,2156000.0
1971-04-12,2163000.0
1971-04-19,2127000.0
1971-04-26,2157000.0
1971-05-03,2179000.0
1971-05-10,2179000.0
1971-05-17,2167000.0
1971-05-24,2171000.0
1971-05-31,2194000.0
1971-06-07,2199000.0
1971-06-14,2182000.0
1971-06-21,2172000.0
1971-06-28,2116000.0
1971-07-05,2130000.0
1971-07-12,2087000.0
1971-07-19,2129000.0
1971-07-26,2150000.0
1971-08-02,2174000.0
1971-08-09,2202000.0
1971-08-16,2186000.0
1971-08-23,2188000.0
1971-08-30,2228000.0
1971-09-06,2250000.0
1971-09-13,2246000.0
1971-09-20,2233000.0
1971-09-27,2216000.0
1971-10-04,2247000.0
1971-10-11,2190000.0
1971-10-18,2176000.0
1971-10-25,2194000.0
1971-11-01,2204000.0
1971-11-08,2134000.0
1971-11-15,2134000.0
1971-11-22,2111000.0
1971-11-29,2117000.0
1971-12-06,2085000.0
1971-12-13,2109000.0
1971-12-20,2037000.0
1971-12-27,1934000.0
1972-01-03,1931000.0
1972-01-10,1923000.0
1972-01-17,1907000.0
1972-01-24,1921000.0
1972-01-31,1941000.0
1972-02-07,1960000.0
1972-02-14,1902000.0
1972-02-21,1903000.0
1972-02-28,1905000.0
1972-03-06,1906000.0
1972-03-13,1907000.0
1972-03-20,1877000.0
1972-03-27,1913000.0
1972-04-03,1910000.0
1972-04-10,1891000.0
1972-04-17,1855000.0
1972-04-24,1870000.0
1972-05-01,1893000.0
1972-05-08,1874000.0
1972-05-15,1863000.0
1972-05-22,1871000.0
1972-05-29,1857000.0
1972-06-05,1870000.0
1972-06-12,1855000.0
1972-06-19,1871000.0
1972-06-26,1935000.0
1972-07-03,1977000.0
1972-07-10,1947000.0
1972-07-17,1962000.0
1972-07-24,1928000.0
1972-07-31,1855000.0
1972-08-07,1812000.0
1972-08-14,1794000.0
1972-08-21,1792000.0
1972-08-28,1838000.0
1972-09-04,1802000.0
1972-09-11,1799000.0
1972-09-18,1791000.0
1972-09-25,1763000.0
1972-10-02,1771000.0
1972-10-09,1760000.0
1972-10-16,1733000.0
1972-10-23,1750000.0
1972-10-30,1722000.0
1972-11-06,1736000.0
1972-11-13,1727000.0
1972-11-20,1743000.0
1972-11-27,1676000.0
1972-12-04,1681000.0
1972-12-11,1756000.0
1972-12-18,1697000.0
1972-12-25,1663000.0
1973-01-01,1617000.0
1973-01-08,1660000.0
1973-01-15,1607000.0
1973-01-22,1601000.0
1973-01-29,1596000.0
1973-02-05,1594000.0
1973-02-12,1582000.0
1973-02-19,1582000.0
1973-02-26,1579000.0
1973-03-05,1584000.0
1973-03-12,1578000.0
1973-03-19,1562000.0
1973-03-26,1547000.0
1973-04-02,1552000.0
1973-04-09,1539000.0
1973-04-16,1573000.0
1973-04-23,1551000.0
1973-04-30,1560000.0
1973-05-07,1557000.0
1973-05-14,1553000.0
1973-05-21,1567000.0
1973-05-28,1556000.0
1973-06-04,1563000.0
1973-06-11,1576000.0
1973-06-18,1570000.0
1973-06-25,1571000.0
1973-07-02,1605000.0
1973-07-09,1605000.0
1973-07-16,1594000.0
1973-07-23,1603000.0
1973-07-30,1633000.0
1973-08-06,1679000.0
1973-08-13,1672000.0
1973-08-20,1675000.0
1973-08-27,1681000.0
1973-09-03,1688000.0
1973-09-10,1666000.0
1973-09-17,1658000.0
1973-09-24,1658000.0
1973-10-01,1657000.0
1973-10-08,1679000.0
1973-10-15,1646000.0
1973-10-22,1675000.0
1973-10-29,1669000.0
1973-11-05,1702000.0
1973-11-12,1698000.0
1973-11-19,1755000.0
1973-11-26,1692000.0
1973-12-03,1717000.0
1973-12-10,1779000.0
1973-12-17,1836000.0
1973-12-24,1805000.0
1973-12-31,1934000.0
1974-01-07,1949000.0
1974-01-14,1995000.0
1974-01-21,1950000.0
1974-01-28,1963000.0
1974-02-04,2010000.0
1974-02-11,2049000.0
1974-02-18,2027000.0
1974-02-25,2020000.0
1974-03-04,2054000.0
1974-03-11,2068000.0
1974-03-18,2074000.0
1974-03-25,2062000.0
1974-04-01,2066000.0
1974-04-08,2072000.0
1974-04-15,2081000.0
1974-04-22,2045000.0
1974-04-29,2056000.0
1974-05-06,2041000.0
1974-05-13,2053000.0
1974-05-20,2057000.0
1974-05-27,2079000.0
1974-06-03,2067000.0
1974-06-10,2095000.0
1974-06-17,2066000.0
1974-06-24,2074000.0
1974-07-01,2160000.0
1974-07-08,2125000.0
1974-07-15,2109000.0
1974-07-22,2097000.0
1974-07-29,2147000.0
1974-08-05,2171000.0
1974-08-12,2168000.0
1974-08-19,2172000.0
1974-08-26,2211000.0
1974-09-02,2265000.0
1974-09-09,2274000.0
1974-09-16,2273000.0
1974-09-23,2306000.0
1974-09-30,2360000.0
1974-10-07,2396000.0
1974-10-14,2519000.0
1974-10-21,2520000.0
1974-10-28,2623000.0
1974-11-04,2699000.0
1974-11-11,2862000.0
1974-11-18,2748000.0
1974-11-25,3086000.0
1974-12-02,3178000.0
1974-12-09,3291000.0
1974-12-16,3300000.0
1974-12-23,3396000.0
1974-12-30,3554000.0
1975-01-06,3557000.0
1975-01-13,3658000.0
1975-01-20,3708000.0
1975-01-27,3738000.0
1975-02-03,3856000.0
1975-02-10,3863000.0
1975-02-17,3969000.0
1975-02-24,4023000.0
1975-03-03,4147000.0
1975-03-10,4195000.0
1975-03-17,4201000.0
1975-03-24,4310000.0
1975-03-31,4428000.0
1975-04-07,4449000.0
1975-04-14,4497000.0
1975-04-21,4520000.0
1975-04-28,4604000.0
1975-05-05,4597000.0
1975-05-12,4592000.0
1975-05-19,4461000.0
1975-05-26,4637000.0
1975-06-02,4484000.0
1975-06-09,4529000.0
1975-06-16,4406000.0
1975-06-23,4090000.0
1975-06-30,4239000.0
1975-07-07,4057000.0
1975-07-14,4208000.0
1975-07-21,4075000.0
1975-07-28,4015000.0
1975-08-04,4028000.0
1975-08-11,3934000.0
1975-08-18,3940000.0
1975-08-25,3854000.0
1975-09-01,3969000.0
1975-09-08,3880000.0
1975-09-15,3880000.0
1975-09-22,3851000.0
1975-09-29,3868000.0
1975-10-06,3675000.0
1975-10-13,3720000.0
1975-10-20,3662000.0
1975-10-27,3607000.0
1975-11-03,3546000.0
1975-11-10,3551000.0
1975-11-17,3377000.0
1975-11-24,3391000.0
1975-12-01,3331000.0
1975-12-08,3266000.0
1975-12-15,3124000.0
1975-12-22,3072000.0
1975-12-29,3214000.0
1976-01-05,3084000.0
1976-01-12,3026000.0
1976-01-19,2957000.0
1976-01-26,2895000.0
1976-02-02,2912000.0
1976-02-09,2867000.0
1976-02-16,2862000.0
1976-02-23,2822000.0
1976-03-01,2853000.0
1976-03-08,2837000.0
1976-03-15,2852000.0
1976-03-22,2830000.0
1976-03-29,2859000.0
1976-04-05,2840000.0
1976-04-12,2890000.0
1976-04-19,2900000.0
1976-04-26,2940000.0
1976-05-03,2941000.0
1976-05-10,2947000.0
1976-05-17,2961000.0
1976-05-24,2916000.0
1976-05-31,2970000.0
1976-06-07,2950000.0
1976-06-14,3003000.0
1976-06-21,3035000.0
1976-06-28,2958000.0
1976-07-05,2995000.0
1976-07-12,3011000.0
1976-07-19,3019000.0
1976-07-26,2996000.0
1976-08-02,3007000.0
1976-08-09,2990000.0
1976-08-16,2983000.0
1976-08-23,3081000.0
1976-08-30,2988000.0
1976-09-06,3092000.0
1976-09-13,3097000.0
1976-09-20,3103000.0
1976-09-27,3104000.0
1976-10-04,3119000.0
1976-10-11,3074000.0
1976-10-18,3088000.0
1976-10-25,3080000.0
1976-11-01,3079000.0
1976-11-08,3064000.0
1976-11-15,3061000.0
1976-11-22,3019000.0
1976-11-29,2994000.0
1976-12-06,2978000.0
1976-12-13,2900000.0
1976-12-20,2822000.0
1976-12-27,2818000.0
1977-01-03,2764000.0
1977-01-10,2841000.0
1977-01-17,2834000.0
1977-01-24,2879000.0
1977-01-31,2956000.0
1977-02-07,2904000.0
1977-02-14,2772000.0
1977-02-21,2764000.0
1977-02-28,2717000.0
1977-03-07,2728000.0
1977-03-14,2695000.0
1977-03-21,2671000.0
1977-03-28,2655000.0
1977-04-04,2717000.0
1977-04-11,2680000.0
1977-04-18,2660000.0
1977-04-25,2644000.0
1977-05-02,2618000.0
1977-05-09,2635000.0
1977-05-16,2647000.0
1977-05-23,2625000.0
1977-05-30,2650000.0
1977-06-06,2589000.0
1977-06-13,2622000.0
1977-06-20,2616000.0
1977-06-27,2572000.0
1977-07-04,2563000.0
1977-07-11,2591000.0
1977-07-18,2584000.0
1977-07-25,2605000.0
1977-08-01,2605000.0
1977-08-08,2618000.0
1977-08-15,2612000.0
1977-08-22,2607000.0
1977-08-29,2571000.0
1977-09-05,2601000.0
1977-09-12,2605000.0
1977-09-19,2581000.0
1977-09-26,2583000.0
1977-10-03,2575000.0
1977-10-10,2575000.0
1977-10-17,2561000.0
1977-10-24,2587000.0
1977-10-31,2535000.0
1977-11-07,2592000.0
1977-11-14,2527000.0
1977-11-21,2620000.0
1977-11-28,2505000.0
1977-12-05,2529000.0
1977-12-12,2558000.0
1977-12-19,2482000.0
1977-12-26,2461000.0
1978-01-02,2456000.0
1978-01-09,2418000.0
1978-01-16,2522000.0
1978-01-23,2578000.0
1978-01-30,2468000.0
1978-02-06,2656000.0
1978-02-13,2545000.0
1978-02-20,2553000.0
1978-02-27,2529000.0
1978-03-06,2526000.0
1978-03-13,2471000.0
1978-03-20,2473000.0
1978-03-27,2453000.0
1978-04-03,2397000.0
1978-04-10,2339000.0
1978-04-17,2287000.0
1978-04-24,2272000.0
1978-05-01,2246000.0
1978-05-08,2231000.0
1978-05-15,2238000.0
1978-05-22,2211000.0
1978-05-29,2224000.0
1978-06-05,2189000.0
1978-06-12,2225000.0
1978-06-19,2249000.0
1978-06-26,2242000.0
1978-07-03,2331000.0
1978-07-10,2328000.0
1978-07-17,2321000.0
1978-07-24,2344000.0
1978-07-31,2395000.0
1978-08-07,2422000.0
1978-08-14,2405000.0
1978-08-21,2370000.0
1978-08-28,2336000.0
1978-09-04,2278000.0
1978-09-11,2271000.0
1978-09-18,2247000.0
1978-09-25,2217000.0
1978-10-02,2219000.0
1978-10-09,2274000.0
1978-10-16,2207000.0
1978-10-23,2222000.0
1978-10-30,2188000.0
1978-11-06,2200000.0
1978-11-13,2158000.0
1978-11-20,2349000.0
1978-11-27,2248000.0
1978-12-04,2292000.0
1978-12-11,2328000.0
1978-12-18,2276000.0
1978-12-25,2289000.0
1979-01-01,2366000.0
1979-01-08,2368000.0
1979-01-15,2403000.0
1979-01-22,2393000.0
1979-01-29,2411000.0
1979-02-05,2412000.0
1979-02-12,2383000.0
1979-02-19,2451000.0
1979-02-26,2451000.0
1979-03-05,2413000.0
1979-03-12,2377000.0
1979-03-19,2353000.0
1979-03-26,2335000.0
1979-04-02,2368000.0
1979-04-09,2467000.0
1979-04-16,2408000.0
1979-04-23,2351000.0
1979-04-30,2292000.0
1979-05-07,2261000.0
1979-05-14,2238000.0
1979-05-21,2246000.0
1979-05-28,2260000.0
1979-06-04,2207000.0
1979-06-11,2234000.0
1979-06-18,2275000.0
1979-06-25,2282000.0
1979-07-02,2368000.0
1979-07-09,2356000.0
1979-07-16,2335000.0
1979-07-23,2375000.0
1979-07-30,2422000.0
1979-08-06,2466000.0
1979-08-13,2474000.0
1979-08-20,2471000.0
1979-08-27,2448000.0
1979-09-03,2432000.0
1979-09-10,2431000.0
1979-09-17,2404000.0
1979-09-24,2426000.0
1979-10-01,2428000.0
1979-10-08,2535000.0
1979-10-15,2475000.0
1979-10-22,2522000.0
1979-10-29,2569000.0
1979-11-05,2537000.0
1979-11-12,2656000.0
1979-11-19,2648000.0
1979-11-26,2698000.0
1979-12-03,2685000.0
1979-12-10,2712000.0
1979-12-17,2674000.0
1979-12-24,2725000.0
1979-12-31,2749000.0
1980-01-07,2778000.0
1980-01-14,2783000.0
1980-01-21,2817000.0
1980-01-28,2864000.0
1980-02-04,2867000.0
1980-02-11,2877000.0
1980-02-18,2866000.0
1980-02-25,2848000.0
1980-03-03,2883000.0
1980-03-10,2888000.0
1980-03-17,2921000.0
1980-03-24,2866000.0
1980-03-31,3007000.0
1980-04-07,3085000.0
1980-04-14,3188000.0
1980-04-21,3226000.0
1980-04-28,3334000.0
1980-05-05,3417000.0
1980-05-12,3544000.0
1980-05-19,3698000.0
1980-05-26,3731000.0
1980-06-02,3781000.0
1980-06-09,3779000.0
1980-06-16,3858000.0
1980-06-23,3912000.0
1980-06-30,3823000.0
1980-07-07,3836000.0
1980-07-14,3872000.0
1980-07-21,3851000.0
1980-07-28,3789000.0
1980-08-04,3862000.0
1980-08-11,3813000.0
1980-08-18,3754000.0
1980-08-25,3808000.0
1980-09-01,3698000.0
1980-09-08,3699000.0
1980-09-15,3698000.0
1980-09-22,3679000.0
1980-09-29,3672000.0
1980-10-06,3549000.0
1980-10-13,3477000.0
1980-10-20,3527000.0
1980-10-27,3391000.0
1980-11-03,3380000.0
1980-11-10,3260000.0
1980-11-17,3303000.0
1980-11-24,3169000.0
1980-12-01,3185000.0
1980-12-08,3125000.0
1980-12-15,3056000.0
1980-12-22,3136000.0
1980-12-29,3123000.0
1981-01-05,3082000.0
1981-01-12,3023000.0
1981-01-19,2988000.0
1981-01-26,2975000.0
1981-02-02,2945000.0
1981-02-09,3043000.0
1981-02-16,3023000.0
1981-02-23,2901000.0
1981-03-02,2931000.0
1981-03-09,2905000.0
1981-03-16,2885000.0
1981-03-23,2876000.0
1981-03-30,2875000.0
1981-04-06,2800000.0
1981-04-13,2860000.0
1981-04-20,2893000.0
1981-04-27,2944000.0
1981-05-04,2887000.0
1981-05-11,2865000.0
1981-05-18,2862000.0
1981-05-25,2962000.0
1981-06-01,2877000.0
1981-06-08,2867000.0
1981-06-15,2886000.0
1981-06-22,2983000.0
1981-06-29,2886000.0
1981-07-06,2845000.0
1981-07-13,2902000.0
1981-07-20,2899000.0
1981-07-27,2867000.0
1981-08-03,2998000.0
1981-08-10,2966000.0
1981-08-17,2957000.0
1981-08-24,2954000.0
1981-08-31,2914000.0
1981-09-07,3051000.0
1981-09-14,3014000.0
1981-09-21,3073000.0
1981-09-28,3069000.0
1981-10-05,3098000.0
1981-10-12,3104000.0
1981-10-19,3181000.0
1981-10-26,3183000.0
1981-11-02,3282000.0
1981-11-09,3291000.0
1981-11-16,3416000.0
1981-11-23,3360000.0
1981-11-30,3517000.0
1981-12-07,3397000.0
1981-12-14,3551000.0
1981-12-21,3636000.0
1981-12-28,3523000.0
1982-01-04,3398000.0
1982-01-11,3624000.0
1982-01-18,3602000.0
1982-01-25,3521000.0
1982-02-01,3617000.0
1982-02-08,3490000.0
1982-02-15,3562000.0
1982-02-22,3553000.0
1982-03-01,3619000.0
1982-03-08,3605000.0
1982-03-15,3684000.0
1982-03-22,3714000.0
1982-03-29,3720000.0
1982-04-05,3841000.0
1982-04-12,3967000.0
1982-04-19,3930000.0
1982-04-26,3960000.0
1982-05-03,3972000.0
1982-05-10,3968000.0
1982-05-17,4103000.0
1982-05-24,3956000.0
1982-05-31,4094000.0
1982-06-07,4121000.0
1982-06-14,4105000.0
1982-06-21,4057000.0
1982-06-28,4139000.0
1982-07-05,4025000.0
1982-07-12,4148000.0
1982-07-19,4155000.0
1982-07-26,4040000.0
1982-08-02,4191000.0
1982-08-09,4234000.0
1982-08-16,4300000.0
1982-08-23,4316000.0
1982-08-30,4356000.0
1982-09-06,4445000.0
1982-09-13,4468000.0
1982-09-20,4542000.0
1982-09-27,4629000.0
1982-10-04,4689000.0
1982-10-11,4599000.0
1982-10-18,4686000.0
1982-10-25,4595000.0
1982-11-01,4713000.0
1982-11-08,4554000.0
1982-11-15,4695000.0
1982-11-22,4442000.0
1982-11-29,4509000.0
1982-12-06,4339000.0
1982-12-13,4371000.0
1982-12-20,4381000.0
1982-12-27,4010000.0
1983-01-03,3885000.0
1983-01-10,3950000.0
1983-01-17,3860000.0
1983-01-24,3890000.0
1983-01-31,3877000.0
1983-02-07,3865000.0
1983-02-14,3819000.0
1983-02-21,3876000.0
1983-02-28,3797000.0
1983-03-07,3787000.0
1983-03-14,3752000.0
1983-03-21,3734000.0
1983-03-28,3759000.0
1983-04-04,3814000.0
1983-04-11,3744000.0
1983-04-18,3762000.0
1983-04-25,3722000.0
1983-05-02,3714000.0
1983-05-09,3625000.0
1983-05-16,3701000.0
1983-05-23,3457000.0
1983-05-30,3548000.0
1983-06-06,3453000.0
1983-06-13,3452000.0
1983-06-20,3369000.0
1983-06-27,3239000.0
1983-07-04,3226000.0
1983-07-11,3216000.0
1983-07-18,3155000.0
1983-07-25,3112000.0
1983-08-01,3106000.0
1983-08-08,3107000.0
1983-08-15,3131000.0
1983-08-22,3079000.0
1983-08-29,3055000.0
1983-09-05,3007000.0
1983-09-12,2993000.0
1983-09-19,2973000.0
1983-09-26,2926000.0
1983-10-03,2929000.0
1983-10-10,2913000.0
1983-10-17,2886000.0
1983-10-24,2860000.0
1983-10-31,2750000.0
1983-11-07,2789000.0
1983-11-14,2879000.0
1983-11-21,2733000.0
1983-11-28,2737000.0
1983-12-05,2666000.0
1983-12-12,2796000.0
1983-12-19,2718000.0
1983-12-26,2644000.0
1984-01-02,2588000.0
1984-01-09,2522000.0
1984-01-16,2531000.0
1984-01-23,2556000.0
1984-01-30,2531000.0
1984-02-06,2453000.0
1984-02-13,2425000.0
1984-02-20,2469000.0
1984-02-27,2441000.0
1984-03-05,2431000.0
1984-03-12,2426000.0
1984-03-19,2412000.0
1984-03-26,2412000.0
1984-04-02,2425000.0
1984-04-09,2396000.0
1984-04-16,2433000.0
1984-04-23,2435000.0
1984-04-30,2430000.0
1984-05-07,2386000.0
1984-05-14,2401000.0
1984-05-21,2323000.0
1984-05-28,2379000.0
1984-06-04,2391000.0
1984-06-11,2364000.0
1984-06-18,2339000.0
1984-06-25,2329000.0
1984-07-02,2375000.0
1984-07-09,2371000.0
1984-07-16,2337000.0
1984-07-23,2329000.0
1984-07-30,2332000.0
1984-08-06,2390000.0
1984-08-13,2416000.0
1984-08-20,2405000.0
1984-08-27,2410000.0
1984-09-03,2435000.0
1984-09-10,2434000.0
1984-09-17,2421000.0
1984-09-24,2474000.0
1984-10-01,2455000.0
1984-10-08,2538000.0
1984-10-15,2529000.0
1984-10-22,2574000.0
1984-10-29,2578000.0
1984-11-05,2545000.0
1984-11-12,2645000.0
1984-11-19,2569000.0
1984-11-26,2529000.0
1984-12-03,2589000.0
1984-12-10,2594000.0
1984-12-17,2487000.0
1984-12-24,2536000.0
1984-12-31,2593000.0
1985-01-07,2543000.0
1985-01-14,2472000.0
1985-01-21,2601000.0
1985-01-28,2632000.0
1985-02-04,2608000.0
1985-02-11,2613000.0
1985-02-18,2641000.0
1985-02-25,2571000.0
1985-03-04,2591000.0
1985-03-11,2578000.0
1985-03-18,2556000.0
1985-03-25,2526000.0
1985-04-01,2569000.0
1985-04-08,2600000.0
1985-04-15,2584000.0
1985-04-22,2562000.0
1985-04-29,2582000.0
1985-05-06,2569000.0
1985-05-13,2547000.0
1985-05-20,2545000.0
1985-05-27,2591000.0
1985-06-03,2564000.0
1985-06-10,2549000.0
1985-06-17,2550000.0
1985-06-24,2505000.0
1985-07-01,2609000.0
1985-07-08,2519000.0
1985-07-15,2520000.0
1985-07-22,2522000.0
1985-07-29,2518000.0
1985-08-05,2565000.0
1985-08-12,2574000.0
1985-08-19,2561000.0
1985-08-26,2595000.0
1985-09-02,2596000.0
1985-09-09,2590000.0
1985-09-16,2513000.0
1985-09-23,2623000.0
1985-09-30,2657000.0
1985-10-07,2569000.0
1985-10-14,2644000.0
1985-10-21,2657000.0
1985-10-28,2673000.0
1985-11-04,2612000.0
1985-11-11,2618000.0
1985-11-18,2585000.0
1985-11-25,2638000.0
1985-12-02,2744000.0
1985-12-09,2680000.0
1985-12-16,2543000.0
1985-12-23,2608000.0
1985-12-30,2694000.0
1986-01-06,2636000.0
1986-01-13,2516000.0
1986-01-20,2570000.0
1986-01-27,2531000.0
1986-02-03,2548000.0
1986-02-10,2569000.0
1986-02-17,2626000.0
1986-02-24,2570000.0
1986-03-03,2603000.0
1986-03-10,2589000.0
1986-03-17,2592000.0
1986-03-24,2614000.0
1986-03-31,2625000.0
1986-04-07,2570000.0
1986-04-14,2613000.0
1986-04-21,2627000.0
1986-04-28,2670000.0
1986-05-05,2670000.0
1986-05-12,2669000.0
1986-05-19,2638000.0
1986-05-26,2708000.0
1986-06-02,2653000.0
1986-06-09,2644000.0
1986-06-16,2637000.0
1986-06-23,2606000.0
1986-06-30,2669000.0
1986-07-07,2552000.0
1986-07-14,2593000.0
1986-07-21,2618000.0
1986-07-28,2583000.0
1986-08-04,2686000.0
1986-08-11,2658000.0
1986-08-18,2687000.0
1986-08-25,2664000.0
1986-09-01,2756000.0
1986-09-08,2671000.0
1986-09-15,2703000.0
1986-09-22,2698000.0
1986-09-29,2780000.0
1986-10-06,2665000.0
1986-10-13,2723000.0
1986-10-20,2707000.0
1986-10-27,2646000.0
1986-11-03,2614000.0
1986-11-10,2653000.0
1986-11-17,2555000.0
1986-11-24,2686000.0
1986-12-01,2634000.0
1986-12-08,2587000.0
1986-12-15,2499000.0
1986-12-22,2565000.0
1986-12-29,2590000.0
1987-01-05,2508000.0
1987-01-12,2443000.0
1987-01-19,2506000.0
1987-01-26,2515000.0
1987-02-02,2496000.0
1987-02-09,2451000.0
1987-02-16,2481000.0
1987-02-23,2460000.0
1987-03-02,2456000.0
1987-03-09,2450000.0
1987-03-16,2401000.0
1987-03-23,2410000.0
1987-03-30,2482000.0
1987-04-06,2366000.0
1987-04-13,2410000.0
1987-04-20,2386000.0
1987-04-27,2302000.0
1987-05-04,2347000.0
1987-05-11,2326000.0
1987-05-18,2275000.0
1987-05-25,2370000.0
1987-06-01,2259000.0
1987-06-08,2278000.0
1987-06-15,2258000.0
1987-06-22,2321000.0
1987-06-29,2173000.0
1987-07-06,2155000.0
1987-07-13,2211000.0
1987-07-20,2247000.0
1987-07-27,2232000.0
1987-08-03,2263000.0
1987-08-10,2194000.0
1987-08-17,2190000.0
1987-08-24,2179000.0
1987-08-31,2125000.0
1987-09-07,2172000.0
1987-09-14,2351000.0
1987-09-21,2139000.0
1987-09-28,2151000.0
1987-10-05,2101000.0
1987-10-12,2074000.0
1987-10-19,1966000.0
1987-10-26,1942000.0
1987-11-02,2054000.0
1987-11-09,2109000.0
1987-11-16,2064000.0
1987-11-23,2102000.0
1987-11-30,2125000.0
1987-12-07,2092000.0
1987-12-14,2105000.0
1987-12-21,2140000.0
1987-12-28,2096000.0
1988-01-04,2231000.0
1988-01-11,2186000.0
1988-01-18,2214000.0
1988-01-25,2213000.0
1988-02-01,2180000.0
1988-02-08,2184000.0
1988-02-15,2091000.0
1988-02-22,2111000.0
1988-02-29,2147000.0
1988-03-07,2112000.0
1988-03-14,2112000.0
1988-03-21,2077000.0
1988-03-28,2086000.0
1988-04-04,2104000.0
1988-04-11,2072000.0
1988-04-18,2067000.0
1988-04-25,2077000.0
1988-05-02,2059000.0
1988-05-09,2068000.0
1988-05-16,2099000.0
1988-05-23,2045000.0
1988-05-30,2040000.0
1988-06-06,2068000.0
1988-06-13,2034000.0
1988-06-20,2030000.0
1988-06-27,2035000.0
1988-07-04,2027000.0
1988-07-11,2073000.0
1988-07-18,2083000.0
1988-07-25,2108000.0
1988-08-01,2101000.0
1988-08-08,2070000.0
1988-08-15,2099000.0
1988-08-22,2082000.0
1988-08-29,2091000.0
1988-09-05,2053000.0
1988-09-12,2106000.0
1988-09-19,2053000.0
1988-09-26,2041000.0
1988-10-03,2017000.0
1988-10-10,1994000.0
1988-10-17,2011000.0
1988-10-24,2015000.0
1988-10-31,1898000.0
1988-11-07,2011000.0
1988-11-14,1981000.0
1988-11-21,2023000.0
1988-11-28,2006000.0
1988-12-05,2013000.0
1988-12-12,2054000.0
1988-12-19,2061000.0
1988-12-26,2092000.0
1989-01-02,2056000.0
1989-01-09,2069000.0
1989-01-16,2048000.0
1989-01-23,2071000.0
1989-01-30,2074000.0
1989-02-06,2103000.0
1989-02-13,2111000.0
1989-02-20,2167000.0
1989-02-27,2110000.0
1989-03-06,2163000.0
1989-03-13,2108000.0
1989-03-20,2145000.0
1989-03-27,2117000.0
1989-04-03,2117000.0
1989-04-10,2092000.0
1989-04-17,2104000.0
1989-04-24,2064000.0
1989-05-01,2089000.0
1989-05-08,2144000.0
1989-05-15,2085000.0
1989-05-22,2056000.0
1989-05-29,2117000.0
1989-06-05,2110000.0
1989-06-12,2113000.0
1989-06-19,2151000.0
1989-06-26,2133000.0
1989-07-03,2207000.0
1989-07-10,2217000.0
1989-07-17,2159000.0
1989-07-24,2181000.0
1989-07-31,2236000.0
1989-08-07,2214000.0
1989-08-14,2195000.0
1989-08-21,2184000.0
1989-08-28,2199000.0
1989-09-04,2207000.0
1989-09-11,2169000.0
1989-09-18,2249000.0
1989-09-25,2220000.0
1989-10-02,2279000.0
1989-10-09,2293000.0
1989-10-16,2295000.0
1989-10-23,2257000.0
1989-10-30,2280000.0
1989-11-06,2271000.0
1989-11-13,2289000.0
1989-11-20,2300000.0
1989-11-27,2271000.0
1989-12-04,2265000.0
1989-12-11,2295000.0
1989-12-18,2292000.0
1989-12-25,2302000.0
1990-01-01,2347000.0
1990-01-08,2349000.0
1990-01-15,2407000.0
1990-01-22,2316000.0
1990-01-29,2364000.0
1990-02-05,2323000.0
1990-02-12,2382000.0
1990-02-19,2347000.0
1990-02-26,2385000.0
1990-03-05,2341000.0
1990-03-12,2384000.0
1990-03-19,2344000.0
1990-03-26,2365000.0
1990-04-02,2323000.0
1990-04-09,2410000.0
1990-04-16,2385000.0
1990-04-23,2403000.0
1990-04-30,2374000.0
1990-05-07,2374000.0
1990-05-14,2381000.0
1990-05-21,2431000.0
1990-05-28,2406000.0
1990-06-04,2438000.0
1990-06-11,2402000.0
1990-06-18,2431000.0
1990-06-25,2442000.0
1990-07-02,2487000.0
1990-07-09,2498000.0
1990-07-16,2441000.0
1990-07-23,2461000.0
1990-07-30,2460000.0
1990-08-06,2500000.0
1990-08-13,2537000.0
1990-08-20,2540000.0
1990-08-27,2579000.0
1990-09-03,2585000.0
1990-09-10,2591000.0
1990-09-17,2578000.0
1990-09-24,2644000.0
1990-10-01,2621000.0
1990-10-08,2753000.0
1990-10-15,2722000.0
1990-10-22,2787000.0
1990-10-29,2813000.0
1990-11-05,2789000.0
1990-11-12,2996000.0
1990-11-19,2955000.0
1990-11-26,2918000.0
1990-12-03,3000000.0
1990-12-10,2984000.0
1990-12-17,3001000.0
1990-12-24,2938000.0
1990-12-31,3062000.0
1991-01-07,3111000.0
1991-01-14,3017000.0
1991-01-21,3162000.0
1991-01-28,3228000.0
1991-02-04,3226000.0
1991-02-11,3293000.0
1991-02-18,3304000.0
1991-02-25,3357000.0
1991-03-04,3384000.0
1991-03-11,3448000.0
1991-03-18,3404000.0
1991-03-25,3502000.0
1991-04-01,3493000.0
1991-04-08,3464000.0
1991-04-15,3502000.0
1991-04-22,3474000.0
1991-04-29,3524000.0
1991-05-06,3492000.0
1991-05-13,3459000.0
1991-05-20,3472000.0
1991-05-27,3522000.0
1991-06-03,3439000.0
1991-06-10,3428000.0
1991-06-17,3389000.0
1991-06-24,3356000.0
1991-07-01,3393000.0
1991-07-08,3255000.0
1991-07-15,3276000.0
1991-07-22,3306000.0
1991-07-29,3307000.0
1991-08-05,3314000.0
1991-08-12,3282000.0
1991-08-19,3277000.0
1991-08-26,3279000.0
1991-09-02,3326000.0
1991-09-09,3275000.0
1991-09-16,3294000.0
1991-09-23,3290000.0
1991-09-30,3388000.0
1991-10-07,3237000.0
1991-10-14,3320000.0
1991-10-21,3299000.0
1991-10-28,3336000.0
1991-11-04,3328000.0
1991-11-11,3315000.0
1991-11-18,3226000.0
1991-11-25,3348000.0
1991-12-02,3388000.0
1991-12-09,3405000.0
1991-12-16,3264000.0
1991-12-23,3340000.0
1991-12-30,3410000.0
1992-01-06,3342000.0
1992-01-13,3297000.0
1992-01-20,3364000.0
1992-01-27,3301000.0
1992-02-03,3320000.0
1992-02-10,3260000.0
1992-02-17,3412000.0
1992-02-24,3280000.0
1992-03-02,3288000.0
1992-03-09,3280000.0
1992-03-16,3344000.0
1992-03-23,3336000.0
1992-03-30,3383000.0
1992-04-06,3288000.0
1992-04-13,3339000.0
1992-04-20,3365000.0
1992-04-27,3397000.0
1992-05-04,3354000.0
1992-05-11,3296000.0
1992-05-18,3285000.0
1992-05-25,3392000.0
1992-06-01,3265000.0
1992-06-08,3270000.0
1992-06-15,3284000.0
1992-06-22,3340000.0
1992-06-29,3212000.0
1992-07-06,3103000.0
1992-07-13,3238000.0
1992-07-20,3318000.0
1992-07-27,3467000.0
1992-08-03,3211000.0
1992-08-10,3210000.0
1992-08-17,3188000.0
1992-08-24,3175000.0
1992-08-31,3167000.0
1992-09-07,3261000.0
1992-09-14,3195000.0
1992-09-21,3194000.0
1992-09-28,3121000.0
1992-10-05,3072000.0
1992-10-12,3083000.0
1992-10-19,3063000.0
1992-10-26,2973000.0
1992-11-02,3017000.0
1992-11-09,2962000.0
1992-11-16,2906000.0
1992-11-23,2911000.0
1992-11-30,2918000.0
1992-12-07,2807000.0
1992-12-14,2770000.0
1992-12-21,2800000.0
1992-12-28,2729000.0
1993-01-04,2697000.0
1993-01-11,2749000.0
1993-01-18,2727000.0
1993-01-25,2663000.0
1993-02-01,2645000.0
1993-02-08,2628000.0
1993-02-15,2646000.0
1993-02-22,2645000.0
1993-03-01,2683000.0
1993-03-08,2618000.0
1993-03-15,2724000.0
1993-03-22,2725000.0
1993-03-29,2729000.0
1993-04-05,2781000.0
1993-04-12,2800000.0
1993-04-19,2792000.0
1993-04-26,2747000.0
1993-05-03,2820000.0
1993-05-10,2772000.0
1993-05-17,2816000.0
1993-05-24,2737000.0
1993-05-31,2808000.0
1993-06-07,2836000.0
1993-06-14,2857000.0
1993-06-21,2747000.0
1993-06-28,2724000.0
1993-07-05,2778000.0
1993-07-12,2766000.0
1993-07-19,2803000.0
1993-07-26,2843000.0
1993-08-02,2813000.0
1993-08-09,2791000.0
1993-08-16,2821000.0
1993-08-23,2788000.0
1993-08-30,2768000.0
1993-09-06,2844000.0
1993-09-13,2856000.0
1993-09-20,2836000.0
1993-09-27,2810000.0
1993-10-04,2799000.0
1993-10-11,2833000.0
1993-10-18,2882000.0
1993-10-25,2801000.0
1993-11-01,2833000.0
1993-11-08,2785000.0
1993-11-15,2801000.0
1993-11-22,2784000.0
1993-11-29,2802000.0
1993-12-06,2747000.0
1993-12-13,2780000.0
1993-12-20,2720000.0
1993-12-27,2633000.0
1994-01-03,2705000.0
1994-01-10,2634000.0
1994-01-17,2814000.0
1994-01-24,2762000.0
1994-01-31,2764000.0
1994-02-07,2861000.0
1994-02-14,2748000.0
1994-02-21,2797000.0
1994-02-28,2779000.0
1994-03-07,2783000.0
1994-03-14,2746000.0
1994-03-21,2710000.0
1994-03-28,2730000.0
1994-04-04,2773000.0
1994-04-11,2716000.0
1994-04-18,2695000.0
1994-04-25,2769000.0
1994-05-02,2726000.0
1994-05-09,2792000.0
1994-05-16,2766000.0
1994-05-23,2727000.0
1994-05-30,2740000.0
1994-06-06,2755000.0
1994-06-13,2698000.0
1994-06-20,2687000.0
1994-06-27,2672000.0
1994-07-04,2670000.0
1994-07-11,2680000.0
1994-07-18,2650000.0
1994-07-25,2626000.0
1994-08-01,2644000.0
1994-08-08,2639000.0
1994-08-15,2659000.0
1994-08-22,2648000.0
1994-08-29,2645000.0
1994-09-05,2633000.0
1994-09-12,2638000.0
1994-09-19,2601000.0
1994-09-26,2597000.0
1994-10-03,2561000.0
1994-10-10,2620000.0
1994-10-17,2556000.0
1994-10-24,2536000.0
1994-10-31,2538000.0
1994-11-07,2528000.0
1994-11-14,2533000.0
1994-11-21,2530000.0
1994-11-28,2513000.0
1994-12-05,2508000.0
1994-12-12,2557000.0
1994-12-19,2567000.0
1994-12-26,2499000.0
1995-01-02,2486000.0
1995-01-09,2559000.0
1995-01-16,2473000.0
1995-01-23,2532000.0
1995-01-30,2501000.0
1995-02-06,2515000.0
1995-02-13,2541000.0
1995-02-20,2533000.0
1995-02-27,2518000.0
1995-03-06,2564000.0
1995-03-13,2513000.0
1995-03-20,2530000.0
1995-03-27,2484000.0
1995-04-03,2500000.0
1995-04-10,2505000.0
1995-04-17,2569000.0
1995-04-24,2539000.0
1995-05-01,2535000.0
1995-05-08,2567000.0
1995-05-15,2616000.0
1995-05-22,2574000.0
1995-05-29,2608000.0
1995-06-05,2614000.0
1995-06-12,2603000.0
1995-06-19,2602000.0
1995-06-26,2596000.0
1995-07-03,2651000.0
1995-07-10,2677000.0
1995-07-17,2605000.0
1995-07-24,2585000.0
1995-07-31,2592000.0
1995-08-07,2612000.0
1995-08-14,2615000.0
1995-08-21,2610000.0
1995-08-28,2613000.0
1995-09-04,2636000.0
1995-09-11,2650000.0
1995-09-18,2626000.0
1995-09-25,2609000.0
1995-10-02,2651000.0
1995-10-09,2688000.0
1995-10-16,2640000.0
1995-10-23,2674000.0
1995-10-30,2649000.0
1995-11-06,2674000.0
1995-11-13,2653000.0
1995-11-20,2712000.0
1995-11-27,2623000.0
1995-12-04,2629000.0
1995-12-11,2631000.0
1995-12-18,2622000.0
1995-12-25,2558000.0
1996-01-01,2549000.0
1996-01-08,2702000.0
1996-01-15,2707000.0
1996-01-22,2637000.0
1996-01-29,2750000.0
1996-02-05,2672000.0
1996-02-12,2694000.0
1996-02-19,2655000.0
1996-02-26,2688000.0
1996-03-04,2647000.0
1996-03-11,2677000.0
1996-03-18,2738000.0
1996-03-25,2675000.0
1996-04-01,2648000.0
1996-04-08,2657000.0
1996-04-15,2620000.0
1996-04-22,2609000.0
1996-04-29,2602000.0
1996-05-06,2586000.0
1996-05-13,2584000.0
1996-05-20,2590000.0
1996-05-27,2553000.0
1996-06-03,2521000.0
1996-06-10,2560000.0
1996-06-17,2550000.0
1996-06-24,2556000.0
1996-07-01,2501000.0
1996-07-08,2495000.0
1996-07-15,2492000.0
1996-07-22,2472000.0
1996-07-29,2476000.0
1996-08-05,2492000.0
1996-08-12,2495000.0
1996-08-19,2493000.0
1996-08-26,2516000.0
1996-09-02,2443000.0
1996-09-09,2486000.0
1996-09-16,2484000.0
1996-09-23,2479000.0
1996-09-30,2496000.0
1996-10-07,2422000.0
1996-10-14,2449000.0
1996-10-21,2474000.0
1996-10-28,2452000.0
1996-11-04,2475000.0
1996-11-11,2406000.0
1996-11-18,2350000.0
1996-11-25,2460000.0
1996-12-02,2484000.0
1996-12-09,2464000.0
1996-12-16,2506000.0
1996-12-23,2497000.0
1996-12-30,2552000.0
1997-01-06,2473000.0
1997-01-13,2434000.0
1997-01-20,2492000.0
1997-01-27,2403000.0
1997-02-03,2436000.0
1997-02-10,2407000.0
1997-02-17,2414000.0
1997-02-24,2370000.0
1997-03-03,2371000.0
1997-03-10,2344000.0
1997-03-17,2322000.0
1997-03-24,2331000.0
1997-03-31,2359000.0
1997-04-07,2307000.0
1997-04-14,2304000.0
1997-04-21,2327000.0
1997-04-28,2339000.0
1997-05-05,2318000.0
1997-05-12,2276000.0
1997-05-19,2274000.0
1997-05-26,2307000.0
1997-06-02,2276000.0
1997-06-09,2265000.0
1997-06-16,2303000.0
1997-06-23,2338000.0
1997-06-30,2289000.0
1997-07-07,2262000.0
1997-07-14,2268000.0
1997-07-21,2259000.0
1997-07-28,2235000.0
1997-08-04,2270000.0
1997-08-11,2290000.0
1997-08-18,2283000.0
1997-08-25,2284000.0
1997-09-01,2265000.0
1997-09-08,2200000.0
1997-09-15,2241000.0
1997-09-22,2233000.0
1997-09-29,2239000.0
1997-10-06,2213000.0
1997-10-13,2182000.0
1997-10-20,2228000.0
1997-10-27,2201000.0
1997-11-03,2207000.0
1997-11-10,2209000.0
1997-11-17,2216000.0
1997-11-24,2242000.0
1997-12-01,2230000.0
1997-12-08,2231000.0
1997-12-15,2189000.0
1997-12-22,2291000.0
1997-12-29,2369000.0
1998-01-05,2291000.0
1998-01-12,2241000.0
1998-01-19,2275000.0
1998-01-26,2200000.0
1998-02-02,2253000.0
1998-02-09,2227000.0
1998-02-16,2208000.0
1998-02-23,2209000.0
1998-03-02,2208000.0
1998-03-09,2237000.0
1998-03-16,2227000.0
1998-03-23,2215000.0
1998-03-30,2166000.0
1998-04-06,2202000.0
1998-04-13,2210000.0
1998-04-20,2152000.0
1998-04-27,2135000.0
1998-05-04,2140000.0
1998-05-11,2118000.0
1998-05-18,2134000.0
1998-05-25,2146000.0
1998-06-01,2122000.0
1998-06-08,2159000.0
1998-06-15,2188000.0
1998-06-22,2388000.0
1998-06-29,2290000.0
1998-07-06,2323000.0
1998-07-13,2339000.0
1998-07-20,2383000.0
1998-07-27,2336000.0
1998-08-03,2258000.0
1998-08-10,2210000.0
1998-08-17,2202000.0
1998-08-24,2182000.0
1998-08-31,2160000.0
1998-09-07,2190000.0
1998-09-14,2114000.0
1998-09-21,2148000.0
1998-09-28,2156000.0
1998-10-05,2167000.0
1998-10-12,2168000.0
1998-10-19,2169000.0
1998-10-26,2162000.0
1998-11-02,2195000.0
1998-11-09,2177000.0
1998-11-16,2207000.0
1998-11-23,2236000.0
1998-11-30,2239000.0
1998-12-07,2205000.0
1998-12-14,2171000.0
1998-12-21,2266000.0
1998-12-28,2303000.0
1999-01-04,2289000.0
1999-01-11,2316000.0
1999-01-18,2269000.0
1999-01-25,2259000.0
1999-02-01,2253000.0
1999-02-08,2253000.0
1999-02-15,2237000.0
1999-02-22,2219000.0
1999-03-01,2238000.0
1999-03-08,2232000.0
1999-03-15,2247000.0
1999-03-22,2191000.0
1999-03-29,2280000.0
1999-04-05,2247000.0
1999-04-12,2230000.0
1999-04-19,2193000.0
1999-04-26,2226000.0
1999-05-03,2200000.0
1999-05-10,2232000.0
1999-05-17,2223000.0
1999-05-24,2191000.0
1999-05-31,2194000.0
1999-06-07,2215000.0
1999-06-14,2183000.0
1999-06-21,2177000.0
1999-06-28,2202000.0
1999-07-05,2171000.0
1999-07-12,2226000.0
1999-07-19,2203000.0
1999-07-26,2164000.0
1999-08-02,2192000.0
1999-08-09,2176000.0
1999-08-16,2185000.0
1999-08-23,2168000.0
1999-08-30,2157000.0
1999-09-06,2163000.0
1999-09-13,2170000.0
1999-09-20,2158000.0
1999-09-27,2139000.0
1999-10-04,2105000.0
1999-10-11,2102000.0
1999-10-18,2086000.0
1999-10-25,2082000.0
1999-11-01,2099000.0
1999-11-08,2035000.0
1999-11-15,2111000.0
1999-11-22,2098000.0
1999-11-29,2094000.0
1999-12-06,2070000.0
1999-12-13,2123000.0
1999-12-20,2102000.0
1999-12-27,2102000.0
2000-01-03,2107000.0
2000-01-10,2115000.0
2000-01-17,2061000.0
2000-01-24,2164000.0
2000-01-31,2160000.0
2000-02-07,2141000.0
2000-02-14,2132000.0
2000-02-21,2157000.0
2000-02-28,2098000.0
2000-03-06,2099000.0
2000-03-13,2051000.0
2000-03-20,2068000.0
2000-03-27,2026000.0
2000-04-03,2027000.0
2000-04-10,1962000.0
2000-04-17,2035000.0
2000-04-24,2027000.0
2000-05-01,1991000.0
2000-05-08,1982000.0
2000-05-15,1998000.0
2000-05-22,1987000.0
2000-05-29,2019000.0
2000-06-05,2020000.0
2000-06-12,2041000.0
2000-06-19,2033000.0
2000-06-26,2052000.0
2000-07-03,2099000.0
2000-07-10,2122000.0
2000-07-17,2070000.0
2000-07-24,2085000.0
2000-07-31,2096000.0
2000-08-07,2109000.0
2000-08-14,2145000.0
2000-08-21,2119000.0
2000-08-28,2169000.0
2000-09-04,2139000.0
2000-09-11,2115000.0
2000-09-18,2098000.0
2000-09-25,2077000.0
2000-10-02,2133000.0
2000-10-09,2124000.0
2000-10-16,2082000.0
2000-10-23,2126000.0
2000-10-30,2110000.0
2000-11-06,2161000.0
2000-11-13,2279000.0
2000-11-20,2295000.0
2000-11-27,2229000.0
2000-12-04,2263000.0
2000-12-11,2322000.0
2000-12-18,2340000.0
2000-12-25,2378000.0
2001-01-01,2357000.0
2001-01-08,2367000.0
2001-01-15,2419000.0
2001-01-22,2440000.0
2001-01-29,2489000.0
2001-02-05,2435000.0
2001-02-12,2516000.0
2001-02-19,2506000.0
2001-02-26,2558000.0
2001-03-05,2557000.0
2001-03-12,2605000.0
2001-03-19,2587000.0
2001-03-26,2620000.0
2001-04-02,2582000.0
2001-04-09,2742000.0
2001-04-16,2737000.0
2001-04-23,2728000.0
2001-04-30,2732000.0
2001-05-07,2800000.0
2001-05-14,2819000.0
2001-05-21,2926000.0
2001-05-28,2919000.0
2001-06-04,2948000.0
2001-06-11,2939000.0
2001-06-18,2972000.0
2001-06-25,2959000.0
2001-07-02,3063000.0
2001-07-09,3029000.0
2001-07-16,2975000.0
2001-07-23,3056000.0
2001-07-30,3079000.0
2001-08-06,3125000.0
2001-08-13,3113000.0
2001-08-20,3163000.0
2001-08-27,3213000.0
2001-09-03,3197000.0
2001-09-10,3214000.0
2001-09-17,3302000.0
2001-09-24,3385000.0
2001-10-01,3432000.0
2001-10-08,3521000.0
2001-10-15,3557000.0
2001-10-22,3600000.0
2001-10-29,3616000.0
2001-11-05,3627000.0
2001-11-12,3790000.0
2001-11-19,3593000.0
2001-11-26,3619000.0
2001-12-03,3626000.0
2001-12-10,3637000.0
2001-12-17,3591000.0
2001-12-24,3474000.0
2001-12-31,3587000.0
2002-01-07,3500000.0
2002-01-14,3557000.0
2002-01-21,3558000.0
2002-01-28,3537000.0
2002-02-04,3562000.0
2002-02-11,3580000.0
2002-02-18,3538000.0
2002-02-25,3567000.0
2002-03-04,3567000.0
2002-03-11,3598000.0
2002-03-18,3599000.0
2002-03-25,3723000.0
2002-04-01,3732000.0
2002-04-08,3650000.0
2002-04-15,3675000.0
2002-04-22,3700000.0
2002-04-29,3712000.0
2002-05-06,3729000.0
2002-05-13,3695000.0
2002-05-20,3712000.0
2002-05-27,3664000.0
2002-06-03,3681000.0
2002-06-10,3604000.0
2002-06-17,3639000.0
2002-06-24,3588000.0
2002-07-01,3554000.0
2002-07-08,3495000.0
2002-07-15,3473000.0
2002-07-22,3495000.0
2002-07-29,3498000.0
2002-08-05,3485000.0
2002-08-12,3531000.0
2002-08-19,3521000.0
2002-08-26,3549000.0
2002-09-02,3532000.0
2002-09-09,3554000.0
2002-09-16,3579000.0
2002-09-23,3555000.0
2002-09-30,3619000.0
2002-10-07,3529000.0
2002-10-14,3518000.0
2002-10-21,3557000.0
2002-10-28,3557000.0
2002-11-04,3539000.0
2002-11-11,3438000.0
2002-11-18,3474000.0
2002-11-25,3404000.0
2002-12-02,3537000.0
2002-12-09,3497000.0
2002-12-16,3435000.0
2002-12-23,3462000.0
2002-12-30,3438000.0
2003-01-06,3388000.0
2003-01-13,3357000.0
2003-01-20,3475000.0
2003-01-27,3368000.0
2003-02-03,3457000.0
2003-02-10,3423000.0
2003-02-17,3500000.0
2003-02-24,3496000.0
2003-03-03,3559000.0
2003-03-10,3528000.0
2003-03-17,3585000.0
2003-03-24,3536000.0
2003-03-31,3583000.0
2003-04-07,3586000.0
2003-04-14,3674000.0
2003-04-21,3676000.0
2003-04-28,3730000.0
2003-05-05,3704000.0
2003-05-12,3716000.0
2003-05-19,3672000.0
2003-05-26,3774000.0
2003-06-02,3682000.0
2003-06-09,3695000.0
2003-06-16,3692000.0
2003-06-23,3737000.0
2003-06-30,3627000.0
2003-07-07,3599000.0
2003-07-14,3592000.0
2003-07-21,3647000.0
2003-07-28,3601000.0
2003-08-04,3596000.0
2003-08-11,3603000.0
2003-08-18,3574000.0
2003-08-25,3608000.0
2003-09-01,3598000.0
2003-09-08,3559000.0
2003-09-15,3588000.0
2003-09-22,3558000.0
2003-09-29,3570000.0
2003-10-06,3468000.0
2003-10-13,3466000.0
2003-10-20,3441000.0
2003-10-27,3427000.0
2003-11-03,3441000.0
2003-11-10,3331000.0
2003-11-17,3337000.0
2003-11-24,3331000.0
2003-12-01,3318000.0
2003-12-08,3251000.0
2003-12-15,3254000.0
2003-12-22,3258000.0
2003-12-29,3188000.0
2004-01-05,3154000.0
2004-01-12,3139000.0
2004-01-19,3142000.0
2004-01-26,3118000.0
2004-02-02,3179000.0
2004-02-09,3131000.0
2004-02-16,3092000.0
2004-02-23,3057000.0
2004-03-01,3072000.0
2004-03-08,3040000.0
2004-03-15,3066000.0
2004-03-22,3007000.0
2004-03-29,2990000.0
2004-04-05,3022000.0
2004-04-12,3031000.0
2004-04-19,2960000.0
2004-04-26,2998000.0
2004-05-03,2978000.0
2004-05-10,2976000.0
2004-05-17,3010000.0
2004-05-24,2916000.0
2004-05-31,2923000.0
2004-06-07,2990000.0
2004-06-14,2973000.0
2004-06-21,2917000.0
2004-06-28,2948000.0
2004-07-05,2852000.0
2004-07-12,2956000.0
2004-07-19,2935000.0
2004-07-26,2894000.0
2004-08-02,2920000.0
2004-08-09,2889000.0
2004-08-16,2877000.0
2004-08-23,2880000.0
2004-08-30,2872000.0
2004-09-06,2875000.0
2004-09-13,2865000.0
2004-09-20,2839000.0
2004-09-27,2799000.0
2004-10-04,2773000.0
2004-10-11,2781000.0
2004-10-18,2774000.0
2004-10-25,2763000.0
2004-11-01,2765000.0
2004-11-08,2707000.0
2004-11-15,2705000.0
2004-11-22,2761000.0
2004-11-29,2725000.0
2004-12-06,2692000.0
2004-12-13,2688000.0
2004-12-20,2771000.0
2004-12-27,2672000.0
2005-01-03,2720000.0
2005-01-10,2790000.0
2005-01-17,2706000.0
2005-01-24,2731000.0
2005-01-31,2710000.0
2005-02-07,2666000.0
2005-02-14,2667000.0
2005-02-21,2703000.0
2005-02-28,2658000.0
2005-03-07,2681000.0
2005-03-14,2616000.0
2005-03-21,2683000.0
2005-03-28,2653000.0
2005-04-04,2626000.0
2005-04-11,2559000.0
2005-04-18,2588000.0
2005-04-25,2596000.0
2005-05-02,2605000.0
2005-05-09,2568000.0
2005-05-16,2595000.0
2005-05-23,2577000.0
2005-05-30,2630000.0
2005-06-06,2599000.0
2005-06-13,2602000.0
2005-06-20,2569000.0
2005-06-27,2612000.0
2005-07-04,2583000.0
2005-07-11,2619000.0
2005-07-18,2592000.0
2005-07-25,2570000.0
2005-08-01,2584000.0
2005-08-08,2573000.0
2005-08-15,2598000.0
2005-08-22,2568000.0
2005-08-29,2575000.0
2005-09-05,2651000.0
2005-09-12,2787000.0
2005-09-19,2853000.0
2005-09-26,2841000.0
2005-10-03,2831000.0
2005-10-10,2821000.0
2005-10-17,2772000.0
2005-10-24,2752000.0
2005-10-31,2746000.0
2005-11-07,2760000.0
2005-11-14,2712000.0
2005-11-21,2587000.0
2005-11-28,2589000.0
2005-12-05,2620000.0
2005-12-12,2660000.0
2005-12-19,2668000.0
2005-12-26,2660000.0
2006-01-02,2561000.0
2006-01-09,2586000.0
2006-01-16,2516000.0
2006-01-23,2565000.0
2006-01-30,2520000.0
2006-02-06,2517000.0
2006-02-13,2488000.0
2006-02-20,2504000.0
2006-02-27,2453000.0
2006-03-06,2474000.0
2006-03-13,2456000.0
2006-03-20,2439000.0
2006-03-27,2405000.0
2006-04-03,2411000.0
2006-04-10,2408000.0
2006-04-17,2424000.0
2006-04-24,2357000.0
2006-05-01,2372000.0
2006-05-08,2383000.0
2006-05-15,2399000.0
2006-05-22,2381000.0
2006-05-29,2408000.0
2006-06-05,2412000.0
2006-06-12,2395000.0
2006-06-19,2419000.0
2006-06-26,2399000.0
2006-07-03,2491000.0
2006-07-10,2475000.0
2006-07-17,2422000.0
2006-07-24,2460000.0
2006-07-31,2477000.0
2006-08-07,2467000.0
2006-08-14,2464000.0
2006-08-21,2457000.0
2006-08-28,2467000.0
2006-09-04,2449000.0
2006-09-11,2438000.0
2006-09-18,2440000.0
2006-09-25,2437000.0
2006-10-02,2449000.0
2006-10-09,2459000.0
2006-10-16,2428000.0
2006-10-23,2449000.0
2006-10-30,2414000.0
2006-11-06,2467000.0
2006-11-13,2506000.0
2006-11-20,2517000.0
2006-11-27,2472000.0
2006-12-04,2517000.0
2006-12-11,2513000.0
2006-12-18,2449000.0
2006-12-25,2455000.0
2007-01-01,2518000.0
2007-01-08,2507000.0
2007-01-15,2552000.0
2007-01-22,2520000.0
2007-01-29,2575000.0
2007-02-05,2527000.0
2007-02-12,2626000.0
2007-02-19,2549000.0
2007-02-26,2581000.0
2007-03-05,2511000.0
2007-03-12,2515000.0
2007-03-19,2489000.0
2007-03-26,2499000.0
2007-04-02,2497000.0
2007-04-09,2538000.0
2007-04-16,2463000.0
2007-04-23,2486000.0
2007-04-30,2429000.0
2007-05-07,2465000.0
2007-05-14,2417000.0
2007-05-21,2480000.0
2007-05-28,2452000.0
2007-06-04,2484000.0
2007-06-11,2453000.0
2007-06-18,2520000.0
2007-06-25,2501000.0
2007-07-02,2563000.0
2007-07-09,2555000.0
2007-07-16,2514000.0
2007-07-23,2537000.0
2007-07-30,2531000.0
2007-08-06,2556000.0
2007-08-13,2556000.0
2007-08-20,2569000.0
2007-08-27,2565000.0
2007-09-03,2537000.0
2007-09-10,2536000.0
2007-09-17,2530000.0
2007-09-24,2518000.0
2007-10-01,2521000.0
2007-10-08,2541000.0
2007-10-15,2598000.0
2007-10-22,2587000.0
2007-10-29,2617000.0
2007-11-05,2607000.0
2007-11-12,2609000.0
2007-11-19,2634000.0
2007-11-26,2639000.0
2007-12-03,2672000.0
2007-12-10,2737000.0
2007-12-17,2752000.0
2007-12-24,2760000.0
2007-12-31,2828000.0
2008-01-07,2752000.0
2008-01-14,2770000.0
2008-01-21,2845000.0
2008-01-28,2810000.0
2008-02-04,2846000.0
2008-02-11,2837000.0
2008-02-18,2884000.0
2008-02-25,2867000.0
2008-03-03,2895000.0
2008-03-10,2897000.0
2008-03-17,2938000.0
2008-03-24,2967000.0
2008-03-31,2969000.0
2008-04-07,2937000.0
2008-04-14,2964000.0
2008-04-21,2986000.0
2008-04-28,2993000.0
2008-05-05,2997000.0
2008-05-12,3016000.0
2008-05-19,3007000.0
2008-05-26,3055000.0
2008-06-02,3010000.0
2008-06-09,3057000.0
2008-06-16,3054000.0
2008-06-23,3110000.0
2008-06-30,3113000.0
2008-07-07,3104000.0
2008-07-14,3227000.0
2008-07-21,3261000.0
2008-07-28,3330000.0
2008-08-04,3327000.0
2008-08-11,3385000.0
2008-08-18,3384000.0
2008-08-25,3464000.0
2008-09-01,3420000.0
2008-09-08,3493000.0
2008-09-15,3551000.0
2008-09-22,3623000.0
2008-09-29,3676000.0
2008-10-06,3696000.0
2008-10-13,3729000.0
2008-10-20,3823000.0
2008-10-27,3928000.0
2008-11-03,4011000.0
2008-11-10,4002000.0
2008-11-17,4095000.0
2008-11-24,4447000.0
2008-12-01,4417000.0
2008-12-08,4445000.0
2008-12-15,4548000.0
2008-12-22,4679000.0
2008-12-29,4692000.0
2009-01-05,4760000.0
2009-01-12,4864000.0
2009-01-19,4980000.0
2009-01-26,5010000.0
2009-02-02,5157000.0
2009-02-09,5279000.0
2009-02-16,5307000.0
2009-02-23,5445000.0
2009-03-02,5600000.0
2009-03-09,5699000.0
2009-03-16,5829000.0
2009-03-23,5935000.0
2009-03-30,6044000.0
2009-04-06,6130000.0
2009-04-13,6264000.0
2009-04-20,6300000.0
2009-04-27,6416000.0
2009-05-04,6516000.0
2009-05-11,6539000.0
2009-05-18,6522000.0
2009-05-25,6635000.0
2009-06-01,6506000.0
2009-06-08,6525000.0
2009-06-15,6488000.0
2009-06-22,6618000.0
2009-06-29,6145000.0
2009-07-06,6136000.0
2009-07-13,6118000.0
2009-07-20,6157000.0
2009-07-27,6111000.0
2009-08-03,6090000.0
2009-08-10,6008000.0
2009-08-17,6060000.0
2009-08-24,5970000.0
2009-08-31,6079000.0
2009-09-07,6006000.0
2009-09-14,5942000.0
2009-09-21,5912000.0
2009-09-28,5900000.0
2009-10-05,5828000.0
2009-10-12,5746000.0
2009-10-19,5705000.0
2009-10-26,5649000.0
2009-11-02,5568000.0
2009-11-09,5462000.0
2009-11-16,5489000.0
2009-11-23,5323000.0
2009-11-30,5289000.0
2009-12-07,5191000.0
2009-12-14,5100000.0
2009-12-21,4987000.0
2009-12-28,4870000.0
2010-01-04,4879000.0
2010-01-11,4809000.0
2010-01-18,4841000.0
2010-01-25,4796000.0
2010-02-01,4838000.0
2010-02-08,4815000.0
2010-02-15,4767000.0
2010-02-22,4755000.0
2010-03-01,4766000.0
2010-03-08,4750000.0
2010-03-15,4743000.0
2010-03-22,4668000.0
2010-03-29,4755000.0
2010-04-05,4746000.0
2010-04-12,4721000.0
2010-04-19,4690000.0
2010-04-26,4695000.0
2010-05-03,4707000.0
2010-05-10,4688000.0
2010-05-17,4731000.0
2010-05-24,4553000.0
2010-05-31,4624000.0
2010-06-07,4606000.0
2010-06-14,4619000.0
2010-06-21,4484000.0
2010-06-28,4620000.0
2010-07-05,4482000.0
2010-07-12,4545000.0
2010-07-19,4529000.0
2010-07-26,4467000.0
2010-08-02,4478000.0
2010-08-09,4432000.0
2010-08-16,4426000.0
2010-08-23,4509000.0
2010-08-30,4501000.0
2010-09-06,4487000.0
2010-09-13,4452000.0
2010-09-20,4431000.0
2010-09-27,4407000.0
2010-10-04,4403000.0
2010-10-11,4348000.0
2010-10-18,4331000.0
2010-10-25,4328000.0
2010-11-01,4270000.0
2010-11-08,4176000.0
2010-11-15,4218000.0
2010-11-22,4118000.0
2010-11-29,4137000.0
2010-12-06,4062000.0
2010-12-13,4113000.0
2010-12-20,4088000.0
2010-12-27,3898000.0
2011-01-03,3907000.0
2011-01-10,3974000.0
2011-01-17,3926000.0
2011-01-24,3887000.0
2011-01-31,3928000.0
2011-02-07,3839000.0
2011-02-14,3821000.0
2011-02-21,3809000.0
2011-02-28,3772000.0
2011-03-07,3772000.0
2011-03-14,3752000.0
2011-03-21,3766000.0
2011-03-28,3756000.0
2011-04-04,3751000.0
2011-04-11,3717000.0
2011-04-18,3796000.0
2011-04-25,3834000.0
2011-05-02,3787000.0
2011-05-09,3781000.0
2011-05-16,3799000.0
2011-05-23,3728000.0
2011-05-30,3750000.0
2011-06-06,3746000.0
2011-06-13,3752000.0
2011-06-20,3719000.0
2011-06-27,3733000.0
2011-07-04,3724000.0
2011-07-11,3734000.0
2011-07-18,3741000.0
2011-07-25,3676000.0
2011-08-01,3709000.0
2011-08-08,3717000.0
2011-08-15,3715000.0
2011-08-22,3723000.0
2011-08-29,3759000.0
2011-09-05,3758000.0
2011-09-12,3747000.0
2011-09-19,3707000.0
2011-09-26,3697000.0
2011-10-03,3731000.0
2011-10-10,3704000.0
2011-10-17,3699000.0
2011-10-24,3677000.0
2011-10-31,3603000.0
2011-11-07,3676000.0
2011-11-14,3739000.0
2011-11-21,3592000.0
2011-11-28,3595000.0
2011-12-05,3543000.0
2011-12-12,3588000.0
2011-12-19,3575000.0
2011-12-26,3566000.0
2012-01-02,3421000.0
2012-01-09,3511000.0
2012-01-16,3419000.0
2012-01-23,3454000.0
2012-01-30,3391000.0
2012-02-06,3362000.0
2012-02-13,3382000.0
2012-02-20,3392000.0
2012-02-27,3367000.0
2012-03-05,3353000.0
2012-03-12,3342000.0
2012-03-19,3336000.0
2012-03-26,3286000.0
2012-04-02,3325000.0
2012-04-09,3355000.0
2012-04-16,3316000.0
2012-04-23,3296000.0
2012-04-30,3326000.0
2012-05-07,3334000.0
2012-05-14,3301000.0
2012-05-21,3351000.0
2012-05-28,3327000.0
2012-06-04,3343000.0
2012-06-11,3323000.0
2012-06-18,3325000.0
2012-06-25,3304000.0
2012-07-02,3314000.0
2012-07-09,3307000.0
2012-07-16,3290000.0
2012-07-23,3312000.0
2012-07-30,3302000.0
2012-08-06,3296000.0
2012-08-13,3306000.0
2012-08-20,3321000.0
2012-08-27,3327000.0
2012-09-03,3312000.0
2012-09-10,3316000.0
2012-09-17,3308000.0
2012-09-24,3309000.0
2012-10-01,3295000.0
2012-10-08,3302000.0
2012-10-15,3285000.0
2012-10-22,3223000.0
2012-10-29,3368000.0
2012-11-05,3364000.0
2012-11-12,3325000.0
2012-11-19,3248000.0
2012-11-26,3195000.0
2012-12-03,3229000.0
2012-12-10,3179000.0
2012-12-17,3221000.0
2012-12-24,3127000.0
2012-12-31,3147000.0
2013-01-07,3108000.0
2013-01-14,3138000.0
2013-01-21,3138000.0
2013-01-28,3075000.0
2013-02-04,3081000.0
2013-02-11,3036000.0
2013-02-18,3043000.0
2013-02-25,3011000.0
2013-03-04,3024000.0
2013-03-11,3028000.0
2013-03-18,3046000.0
2013-03-25,3080000.0
2013-04-01,3076000.0
2013-04-08,3024000.0
2013-04-15,3027000.0
2013-04-22,3039000.0
2013-04-29,3042000.0
2013-05-06,2975000.0
2013-05-13,3020000.0
2013-05-20,3012000.0
2013-05-27,2999000.0
2013-06-03,3004000.0
2013-06-10,2996000.0
2013-06-17,2962000.0
2013-06-24,3003000.0
2013-07-01,3113000.0
2013-07-08,3011000.0
2013-07-15,2947000.0
2013-07-22,3010000.0
2013-07-29,2944000.0
2013-08-05,2987000.0
2013-08-12,2968000.0
2013-08-19,2934000.0
2013-08-26,2839000.0
2013-09-02,2822000.0
2013-09-09,2863000.0
2013-09-16,2954000.0
2013-09-23,2944000.0
2013-09-30,2929000.0
2013-10-07,2925000.0
2013-10-14,2933000.0
2013-10-21,2927000.0
2013-10-28,2873000.0
2013-11-04,2925000.0
2013-11-11,2837000.0
2013-11-18,2813000.0
2013-11-25,2808000.0
2013-12-02,2892000.0
2013-12-09,2903000.0
2013-12-16,2832000.0
2013-12-23,2807000.0
2013-12-30,2903000.0
2014-01-06,2907000.0
2014-01-13,2847000.0
2014-01-20,2850000.0
2014-01-27,2852000.0
2014-02-03,2859000.0
2014-02-10,2861000.0
2014-02-17,2823000.0
2014-02-24,2787000.0
2014-03-03,2816000.0
2014-03-10,2764000.0
2014-03-17,2800000.0
2014-03-24,2729000.0
2014-03-31,2730000.0
2014-04-07,2680000.0
2014-04-14,2767000.0
2014-04-21,2707000.0
2014-04-28,2702000.0
2014-05-05,2691000.0
2014-05-12,2657000.0
2014-05-19,2646000.0
2014-05-26,2641000.0
2014-06-02,2598000.0
2014-06-09,2595000.0
2014-06-16,2583000.0
2014-06-23,2579000.0
2014-06-30,2540000.0
2014-07-07,2528000.0
2014-07-14,2542000.0
2014-07-21,2524000.0
2014-07-28,2530000.0
2014-08-04,2508000.0
2014-08-11,2517000.0
2014-08-18,2483000.0
2014-08-25,2486000.0
2014-09-01,2452000.0
2014-09-08,2465000.0
2014-09-15,2447000.0
2014-09-22,2427000.0
2014-09-29,2441000.0
2014-10-06,2409000.0
2014-10-13,2437000.0
2014-10-20,2406000.0
2014-10-27,2436000.0
2014-11-03,2384000.0
2014-11-10,2351000.0
2014-11-17,2389000.0
2014-11-24,2484000.0
2014-12-01,2381000.0
2014-12-08,2379000.0
2014-12-15,2338000.0
2014-12-22,2422000.0
2014-12-29,2381000.0
2015-01-05,2400000.0
2015-01-12,2336000.0
2015-01-19,2335000.0
2015-01-26,2297000.0
2015-02-02,2344000.0
2015-02-09,2319000.0
2015-02-16,2341000.0
2015-02-23,2357000.0
2015-03-02,2361000.0
2015-03-09,2361000.0
2015-03-16,2306000.0
2015-03-23,2278000.0
2015-03-30,2273000.0
2015-04-06,2320000.0
2015-04-13,2279000.0
2015-04-20,2254000.0
2015-04-27,2261000.0
2015-05-04,2253000.0
2015-05-11,2258000.0
2015-05-18,2236000.0
2015-05-25,2294000.0
2015-06-01,2250000.0
2015-06-08,2268000.0
2015-06-15,2265000.0
2015-06-22,2312000.0
2015-06-29,2233000.0
2015-07-06,2226000.0
2015-07-13,2267000.0
2015-07-20,2253000.0
2015-07-27,2257000.0
2015-08-03,2247000.0
2015-08-10,2256000.0
2015-08-17,2252000.0
2015-08-24,2258000.0
2015-08-31,2243000.0
2015-09-07,2255000.0
2015-09-14,2234000.0
2015-09-21,2240000.0
2015-09-28,2207000.0
2015-10-05,2214000.0
2015-10-12,2194000.0
2015-10-19,2218000.0
2015-10-26,2205000.0
2015-11-02,2209000.0
2015-11-09,2185000.0
2015-11-16,2181000.0
2015-11-23,2259000.0
2015-11-30,2242000.0
2015-12-07,2190000.0
2015-12-14,2176000.0
2015-12-21,2207000.0
2015-12-28,2218000.0
2016-01-04,2190000.0
2016-01-11,2221000.0
2016-01-18,2199000.0
2016-01-25,2210000.0
2016-02-01,2213000.0
2016-02-08,2206000.0
2016-02-15,2203000.0
2016-02-22,2180000.0
2016-02-29,2203000.0
2016-03-07,2163000.0
2016-03-14,2138000.0
2016-03-21,2165000.0
2016-03-28,2151000.0
2016-04-04,2139000.0
2016-04-11,2135000.0
2016-04-18,2137000.0
2016-04-25,2183000.0
2016-05-02,2185000.0
2016-05-09,2177000.0
2016-05-16,2186000.0
2016-05-23,2131000.0
2016-05-30,2170000.0
2016-06-06,2158000.0
2016-06-13,2160000.0
2016-06-20,2139000.0
2016-06-27,2131000.0
2016-07-04,2125000.0
2016-07-11,2140000.0
2016-07-18,2134000.0
2016-07-25,2143000.0
2016-08-01,2157000.0
2016-08-08,2137000.0
2016-08-15,2148000.0
2016-08-22,2138000.0
2016-08-29,2149000.0
2016-09-05,2110000.0
2016-09-12,2098000.0
2016-09-19,2081000.0
2016-09-26,2080000.0
2016-10-03,2081000.0
2016-10-10,2069000.0
2016-10-17,2066000.0
2016-10-24,2067000.0
2016-10-31,2046000.0
2016-11-07,2045000.0
2016-11-14,2050000.0
2016-11-21,2038000.0
2016-11-28,2029000.0
2016-12-05,2030000.0
2016-12-12,2078000.0
2016-12-19,2077000.0
2016-12-26,2028000.0
2017-01-02,2080000.0
2017-01-09,2099000.0
2017-01-16,2067000.0
2017-01-23,2078000.0
2017-01-30,2064000.0
2017-02-06,2076000.0
2017-02-13,2034000.0
2017-02-20,2065000.0
2017-02-27,2020000.0
2017-03-06,2002000.0
2017-03-13,2021000.0
2017-03-20,2027000.0
2017-03-27,1990000.0
2017-04-03,1968000.0
2017-04-10,1961000.0
2017-04-17,1962000.0
2017-04-24,1896000.0
2017-05-01,1892000.0
2017-05-08,1902000.0
2017-05-15,1900000.0
2017-05-22,1891000.0
2017-05-29,1909000.0
2017-06-05,1914000.0
2017-06-12,1915000.0
2017-06-19,1929000.0
2017-06-26,1911000.0
2017-07-03,1942000.0
2017-07-10,1929000.0
2017-07-17,1928000.0
2017-07-24,1926000.0
2017-07-31,1928000.0
2017-08-07,1926000.0
2017-08-14,1928000.0
2017-08-21,1912000.0
2017-08-28,1911000.0
2017-09-04,1939000.0
2017-09-11,1872000.0
2017-09-18,1871000.0
2017-09-25,1871000.0
2017-10-02,1869000.0
2017-10-09,1902000.0
2017-10-16,1913000.0
2017-10-23,1927000.0
2017-10-30,1939000.0
2017-11-06,1944000.0
2017-11-13,1974000.0
2017-11-20,1997000.0
2017-11-27,1953000.0
2017-12-04,1984000.0
2017-12-11,2006000.0
2017-12-18,1979000.0
2017-12-25,1933000.0
2018-01-01,1971000.0
2018-01-08,1972000.0
2018-01-15,1990000.0
2018-01-22,1985000.0
2018-01-29,1996000.0
2018-02-05,1959000.0
2018-02-12,1985000.0
2018-02-19,1957000.0
2018-02-26,1960000.0
2018-03-05,1948000.0
2018-03-12,1959000.0
2018-03-19,1917000.0
2018-03-26,1943000.0
2018-04-02,1949000.0
2018-04-09,1900000.0
2018-04-16,1827000.0
2018-04-23,1834000.0
2018-04-30,1765000.0
2018-05-07,1769000.0
2018-05-14,1751000.0
2018-05-21,1737000.0
2018-05-28,1690000.0
2018-06-04,1693000.0
2018-06-11,1671000.0
2018-06-18,1671000.0
2018-06-25,1672000.0
2018-07-02,1676000.0
2018-07-09,1659000.0
2018-07-16,1624000.0
2018-07-23,1657000.0
2018-07-30,1624000.0
2018-08-06,1625000.0
2018-08-13,1605000.0
2018-08-20,1602000.0
2018-08-27,1575000.0
2018-09-03,1538000.0
2018-09-10,1544000.0
2018-09-17,1545000.0
2018-09-24,1553000.0
2018-10-01,1565000.0
2018-10-08,1588000.0
2018-10-15,1603000.0
2018-10-22,1615000.0
2018-10-29,1642000.0
2018-11-05,1665000.0
2018-11-12,1749000.0
2018-11-19,1684000.0
2018-11-26,1694000.0
2018-12-03,1745000.0
2018-12-10,1756000.0
2018-12-17,1770000.0
2018-12-24,1783000.0
2018-12-31,1766000.0
2019-01-07,1780000.0
2019-01-14,1813000.0
2019-01-21,1759000.0
2019-01-28,1806000.0
2019-02-04,1778000.0
2019-02-11,1826000.0
2019-02-18,1796000.0
2019-02-25,1807000.0
2019-03-04,1792000.0
2019-03-11,1800000.0
2019-03-18,1760000.0
2019-03-25,1742000.0
2019-04-01,1680000.0
2019-04-08,1664000.0
2019-04-15,1659000.0
2019-04-22,1663000.0
2019-04-29,1627000.0
2019-05-06,1635000.0
2019-05-13,1621000.0
2019-05-20,1629000.0
2019-05-27,1631000.0
2019-06-03,1608000.0
2019-06-10,1634000.0
2019-06-17,1625000.0
2019-06-24,1657000.0
2019-07-01,1633000.0
2019-07-08,1634000.0
2019-07-15,1623000.0
2019-07-22,1634000.0
2019-07-29,1656000.0
2019-08-05,1618000.0
2019-08-12,1629000.0
2019-08-19,1604000.0
2019-08-26,1591000.0
2019-09-02,1596000.0
2019-09-09,1567000.0
2019-09-16,1561000.0
2019-09-23,1600000.0
2019-09-30,1602000.0
2019-10-07,1611000.0
2019-10-14,1628000.0
2019-10-21,1633000.0
2019-10-28,1646000.0
2019-11-04,1668000.0
2019-11-11,1702000.0
2019-11-18,1702000.0
2019-11-25,1708000.0
2019-12-02,1728000.0
2019-12-09,1753000.0
2019-12-16,1754000.0
2019-12-23,1843000.0
2019-12-30,1827000.0
2020-01-06,1804000.0
2020-01-13,1774000.0
2020-01-20,1796000.0
2020-01-27,1755000.0
2020-02-03,1782000.0
2020-02-10,1760000.0
2020-02-17,1783000.0
2020-02-24,1771000.0
2020-03-02,1753000.0
2020-03-09,1844000.0
2020-03-16,3238000.0
2020-03-23,8004000.0
2020-03-30,12396000.0
2020-04-06,16193000.0
2020-04-13,17789000.0
2020-04-20,21750000.0
2020-04-27,20939000.0
2020-05-04,23130000.0
2020-05-11,19153000.0
2020-05-18,19194000.0
2020-05-25,19216000.0
2020-06-01,18743000.0
2020-06-08,17860000.0
2020-06-15,17501000.0
2020-06-22,16610000.0
2020-06-29,17273000.0
2020-07-06,16251000.0
2020-07-13,16799000.0
2020-07-20,15929000.0
2020-07-27,15255000.0
2020-08-03,14184000.0
2020-08-10,13910000.0
2020-08-17,13217000.0
2020-08-24,13501000.0
2020-08-31,12765000.0
2020-09-07,12684000.0
2020-09-14,11367000.0
2020-09-21,10481000.0
2020-09-28,9270000.0
2020-10-05,8425000.0
2020-10-12,7777000.0
2020-10-19,7180000.0
2020-10-26,6705000.0
2020-11-02,6341000.0
2020-11-09,6088000.0
2020-11-16,5580000.0
2020-11-23,5784000.0
2020-11-30,5609000.0
2020-12-07,5416000.0
2020-12-14,5332000.0
2020-12-21,5181000.0
2020-12-28,5330000.0
2021-01-04,5069000.0
2021-01-11,4877000.0
2021-01-18,4789000.0
2021-01-25,4658000.0
2021-02-01,4599000.0
2021-02-08,4495000.0
2021-02-15,4406000.0
2021-02-22,4227000.0
2021-03-01,4185000.0
2021-03-08,3970000.0
2021-03-15,3887000.0
2021-03-22,3859000.0
2021-03-29,3830000.0
2021-04-05,3779000.0
2021-04-12,3776000.0
2021-04-19,3767000.0
2021-04-26,3756000.0
2021-05-03,3737000.0
2021-05-10,3618000.0
2021-05-17,3575000.0
2021-05-24,3422000.0
2021-05-31,3350000.0
2021-06-07,3268000.0
2021-06-14,3263000.0
2021-06-21,3313000.0
2021-06-28,3179000.0
2021-07-05,3061000.0
2021-07-12,3138000.0
2021-07-19,2863000.0
2021-07-26,2793000.0
2021-08-02,2809000.0
2021-08-09,2802000.0
2021-08-16,2733000.0
2021-08-23,2786000.0
2021-08-30,2608000.0
2021-09-06,2756000.0
2021-09-13,2803000.0
2021-09-20,2722000.0
2021-09-27,2624000.0
2021-10-04,2533000.0
2021-10-11,2265000.0
2021-10-18,2168000.0
2021-10-25,2199000.0
2021-11-01,2036000.0
2021-11-08,1968000.0
2021-11-15,1803000.0
2021-11-22,1874000.0
2021-11-29,1767000.0
2021-12-06,1767000.0
2021-12-13,1628000.0
2021-12-20,1703000.0
2021-12-27,1690000.0
2022-01-03,1721000.0
2022-01-10,1700000.0
2022-01-17,1709000.0
2022-01-24,1695000.0
2022-01-31,1671000.0
2022-02-07,1637000.0
2022-02-14,1615000.0
2022-02-21,1613000.0
2022-02-28,1583000.0
2022-03-07,1541000.0
2022-03-14,1518000.0
2022-03-21,1532000.0
2022-03-28,1492000.0
2022-04-04,1432000.0
2022-04-11,1429000.0
2022-04-18,1424000.0
2022-04-25,1385000.0
2022-05-02,1365000.0
2022-05-09,1378000.0
2022-05-16,1362000.0
2022-05-23,1363000.0
2022-05-30,1344000.0
2022-06-06,1356000.0
2022-06-13,1358000.0
2022-06-20,1403000.0
2022-06-27,1360000.0
2022-07-04,1367000.0
2022-07-11,1391000.0
2022-07-18,1418000.0
2022-07-25,1427000.0
2022-08-01,1422000.0
2022-08-08,1410000.0
2022-08-15,1419000.0
2022-08-22,1418000.0
2022-08-29,1397000.0
2022-09-05,1402000.0
2022-09-12,1382000.0
2022-09-19,1397000.0
2022-09-26,1392000.0
2022-10-03,1404000.0
2022-10-10,1402000.0
2022-10-17,1429000.0
2022-10-24,1430000.0
2022-10-31,1406000.0
2022-11-07,1450000.0
2022-11-14,1464000.0
2022-11-21,1512000.0
2022-11-28,1539000.0
2022-12-05,1551000.0
2022-12-12,1558000.0
2022-12-19,1597000.0
2022-12-26,1585000.0
2023-01-02,1584000.0
2023-01-09,1604000.0
2023-01-16,1599000.0
2023-01-23,1629000.0
2023-01-30,1641000.0
2023-02-06,1646000.0
2023-02-13,1637000.0
2023-02-20,1662000.0
2023-02-27,1662000.0
2023-03-06,1676000.0
2023-03-13,1693000.0
2023-03-20,1702000.0
2023-03-27,1694000.0
2023-04-03,1739000.0
2023-04-10,1726000.0
2023-04-17,1708000.0
2023-04-24,1713000.0
2023-05-01,1713000.0
2023-05-08,1716000.0
2023-05-15,1744000.0
2023-05-22,1725000.0
2023-05-29,1751000.0
2023-06-05,1762000.0
2023-06-12,1753000.0
2023-06-19,1775000.0
2023-06-26,1774000.0
2023-07-03,1790000.0
2023-07-10,1770000.0
2023-07-17,1778000.0
2023-07-24,1774000.0
2023-07-31,1805000.0
2023-08-07,1797000.0
2023-08-14,1821000.0
2023-08-21,1804000.0
2023-08-28,1812000.0
2023-09-04,1797000.0
2023-09-11,1801000.0
2023-09-18,1793000.0
2023-09-25,1798000.0
2023-10-02,1806000.0
2023-10-09,1804000.0
2023-10-16,1812000.0
2023-10-23,1819000.0
2023-10-30,1802000.0
2023-11-06,1787000.0
2023-11-13,1803000.0
2023-11-20,1812000.0
2023-11-27,1814000.0
2023-12-04,1801000.0
2023-12-11,1801000.0
2023-12-18,1815000.0
2023-12-25,1751000.0
2024-01-01,1723000.0
2024-01-08,1753000.0
2024-01-15,1829000.0
2024-01-22,1804000.0
2024-01-29,1800000.0
2024-02-05,1784000.0
2024-02-12,1802000.0
2024-02-19,1788000.0
2024-02-26,1800000.0
2024-03-04,1790000.0
2024-03-11,1807000.0
2024-03-18,1788000.0
2024-03-25,1810000.0
2024-04-01,1797000.0
2024-04-08,1781000.0
2024-04-15,1769000.0
2024-04-22,1788000.0
2024-04-29,1792000.0
2024-05-06,1791000.0
2024-05-13,1808000.0
2024-05-20,1804000.0
2024-05-27,1821000.0
2024-06-03,1830000.0
2024-06-10,1839000.0
2024-06-17,1862000.0
2024-06-24,1853000.0
2024-07-01,1864000.0
2024-07-08,1848000.0
2024-07-15,1873000.0
2024-07-22,1871000.0
2024-07-29,1863000.0
2024-08-05,1855000.0
2024-08-12,1862000.0
2024-08-19,1847000.0
2024-08-26,1845000.0
2024-09-02,1825000.0
2024-09-09,1831000.0
2024-09-16,1825000.0
2024-09-23,1858000.0
2024-09-30,1869000.0
2024-10-07,1882000.0
2024-10-14,1853000.0
2024-10-21,1876000.0
2024-10-28,1870000.0
2024-11-04,1887000.0
2024-11-11,1887000.0
2024-11-18,1866000.0
2024-11-25,1859000.0
2024-12-02,1865000.0
2024-12-09,1881000.0
2024-12-16,1833000.0
2024-12-23,1868000.0
2024-12-30,1850000.0
2025-01-06,1891000.0
2025-01-13,1854000.0
2025-01-20,1876000.0
2025-01-27,1840000.0
2025-02-03,1862000.0
2025-02-10,1849000.0
2025-02-17,1889000.0
2025-02-24,1857000.0
2025-03-03,1876000.0
2025-03-10,1852000.0
2025-03-17,1889000.0
2025-03-24,1852000.0
2025-03-31,1876000.0
2025-04-07,1840000.0
2025-04-14,1906000.0
2025-04-21,1876000.0
2025-04-28,1884000.0
2025-05-05,1889000.0
2025-05-12,1917000.0
2025-05-19,1896000.0
2025-05-26,1947000.0
2025-06-02,1935000.0
2025-06-09,1960000.0
2025-06-16,1954000.0
2025-06-23,1952000.0
2025-06-30,1949000.0
2025-07-07,1941000.0
2025-07-14,1936000.0
2025-07-21,1963000.0
2025-07-28,1942000.0
2025-08-04,1957000.0
2025-08-11,1942000.0
2025-08-18,1937000.0
2025-08-25,1927000.0
2025-09-01,1925000.0
2025-09-08,1916000.0
2025-09-15,1921000.0
2025-09-22,1929000.0
2025-09-29,1928000.0
2025-10-06,1947000.0
2025-10-13,1953000.0
2025-10-20,1962000.0
2025-10-27,1946000.0
2025-11-03,1949000.0
2025-11-10,1943000.0
2025-11-17,1932000.0
2025-11-24,1894000.0
2025-12-01,1887000.0
2025-12-08,1910000.0
2025-12-15,1860000.0
2025-12-22,1900000.0
2025-12-29,1875000.0
2026-01-05,1865000.0
2026-01-12,1823000.0
2026-01-19,1842000.0
2026-01-26,1859000.0
2026-02-02,1865000.0
2026-02-09,1827000.0
2026-02-16,1871000.0
2026-02-23,1847000.0
2026-03-02,1851000.0
2026-03-09,1816000.0
2026-03-16,1832000.0
2026-03-23,1787000.0
2026-03-30,1809000.0
2026-04-06,1808000.0
2026-04-13,1776000.0
2026-04-20,1766000.0
